variant;y;X1;X2;X3;X4;X5;X6;X7;X8;X9;X10;X11;X12;X13;X14;X15;X16;X17;X18;X19;X20;X21;X22;X23;X24;X25;X26;X27;X28;X29;X30;X31;X32;X33;X34;X35;X36;X37;X38;X39;X40;X41;X42;X43;X44;X45;X46;X47;X48;X49;X50;X51;X52;X53;X54;X55;X56;X57;X58;X59;X60;X61;X62;X63;X64;X65;X66;X67;X68;X69;X70;X71;X72;X73;X74;X75;X76;X77;X78;X79;X80;X81;X82;X83;X84;X85;X86;X87;X88;X89;X90;X91;X92;X93;X94;X95;X96;X97;X98;X99;X100;X101;X102;X103;X104;X105;X106;X107;X108;X109;X110;X111;X112;X113;X114;X115;X116;X117;X118;X119;X120;X121;X122;X123;X124;X125;X126;X127;X128;X129;X130;X131;X132;X133;X134;X135;X136;X137;X138;X139;X140;X141;X142;X143;X144;X145;X146;X147;X148;X149;X150;X151;X152;X153;X154;X155;X156;X157;X158;X159;X160;X161;X162;X163;X164;X165;X166;X167;X168;X169;X170;X171;X172;X173;X174;X175;X176;X177;X178;X179;X180;X181;X182;X183;X184;X185;X186;X187;X188;X189;X190;X191;X192;X193;X194;X195;X196
A89V;0.09;4.867176166684658;6.170642250443052;5.441299739344686;3.797432000551453;3.747584561536314;6.5975722150396905;4.42026242096199;7.312502568995114;7.312502568995114;7.312502568995114;7.312502568995114;7.312502568995114;3.892441089125896;3.961150325637391;4.002446590667205;4.099226432634168;7.312502568995114;4.07341156568873;4.511684968198097;4.244413539459856;3.205459381023502;3.441353412301396;3.950588555372633;7.312502568995114;5.407571981126239;5.808854208771663;7.312502568995114;7.312502568995114;7.105152367104893;4.524627259896079;6.440669697318299;5.130139452807271;4.9360142088080465;3.461823812430339;7.312502568995114;3.6583175295763795;5.518823663780495;7.312502568995114;4.814841750077903;4.0404868413816075;7.312502568995114;7.312502568995114;3.621710230457211;5.5795210293872515;7.312502568995114;3.414509908564469;5.018462369142071;7.312502568995114;7.312502568995114;5.95139782964543;4.130415899307081;4.372038449411775;6.531531078157059;7.143162643056712;3.7670817006164725;7.312502568995114;3.7631122584925834;3.3821488650410174;7.312502568995114;7.312502568995114;3.338318412926128;7.312502568995114;6.628761055622817;7.312502568995114;6.646971072193992;5.7198557916399295;6.397710336058481;7.131862856957014;5.19408996761922;4.130415899307081;6.821351548474922;6.505366666147893;6.790859451495635;6.623638783853494;3.7193232403724323;5.061957728532434;4.056399108178994;5.8967913160486205;3.859321202827232;7.312502568995114;7.312502568995114;7.312502568995114;6.701448761028587;5.906063173784787;5.774271221765957;3.693795591628259;3.0772458040955826;4.966058184327267;-0.8987681776607133;3.870209756994882;3.6393002104869083;6.033393550183973;3.440159402619429;5.0247340157256986;5.641797697193397;5.57990653719753;5.281147587033047;7.312502568995114;3.497738896962801;7.312502568995114;7.312502568995114;7.312502568995114;4.681157136684305;7.312502568995114;5.0922885285081065;4.05049460221835;7.312502568995114;7.312502568995114;7.312502568995114;6.493901911482681;6.7845461893157335;3.9605466216316927;4.357569270187923;4.130415899307081;7.312502568995114;3.6338556899927426;5.610492910465837;4.057973430915808;7.312502568995114;3.7190425073476945;3.464683278732082;6.6696972274367;6.335226776594936;4.584646358727696;6.178990764186892;3.9124420868238303;6.169257566343731;4.130415899307081;4.2563520724688715;3.414294497551964;4.996381944141831;6.799596652039327;2.930387353007063;3.7244210414128247;4.130415899307081;3.7490428627706933;7.312502568995114;4.516689500929715;3.6292521382920313;7.312502568995114;6.833680241077673;7.312502568995114;4.859529553439643;4.135252074872369;5.501529153227239;4.873872995192869;4.890574966088025;3.692178275628976;7.312502568995114;5.8668806367131765;2.6014492582653475;7.312502568995114;6.0134667782222095;5.467905198507651;7.312502568995114;4.168477290737428;5.8715800243780905;7.312502568995114;5.49689220503933;4.917981540700566;7.312502568995114;3.6928181128814686;5.140239733213093;7.312502568995114;7.312502568995114;6.389619008768932;6.570898273894272;2.6469448712041412;7.034921480750199;5.664687291289738;7.312502568995114;5.411093045757298;4.130415899307081;3.4519098068476524;5.123217877160641;4.877571158254796;6.20040872444315;7.312502568995114;3.216816652892703;6.371575500044855;7.312502568995114;7.312502568995114;4.920091848176526;7.312502568995114;3.2211888380861637;7.312502568995114;5.171113393910673;3.7743589704859914;3.5935352321985192;6.770959052282706;6.5505278542295855;3.743178797572;7.312502568995114;3.9069758403365995;3.6662133274139705;4.3604208281540195
E116K;0.71;4.862526897726639;6.175567152815347;5.455396787532663;3.7937350608990528;3.744056444556918;6.610776896850439;4.418101220973767;7.31452595180599;7.31452595180599;7.31452595180599;7.31452595180599;7.31452595180599;3.8889400671469048;3.9575884778168984;3.9990901914425194;4.099766720974003;7.31452595180599;4.070111039181938;4.5128287746192655;4.2402843858872075;3.201727020146791;3.4387620331253856;3.946278579416685;7.31452595180599;5.424855762106745;5.812435105341137;7.31452595180599;7.31452595180599;7.107167889160337;4.537032975920738;6.443477330556561;5.125188490739674;4.933245753203664;3.4583005260210484;7.31452595180599;3.6557141761913954;5.512775309660356;7.31452595180599;4.8129140734890825;4.037012740212958;7.31452595180599;7.31452595180599;3.618196666124277;5.579448406933807;7.31452595180599;3.4109730676864274;5.017343183913908;7.31452595180599;7.31452595180599;5.954473317586235;4.1271677281474695;4.3708138426882215;6.533747906023564;7.145288767758757;3.762996805511648;7.31452595180599;3.7596221118001267;3.378452957913396;7.31452595180599;7.31452595180599;3.3348120244336314;7.31452595180599;6.6309965724412905;7.31452595180599;6.6489511868639966;5.723214809402634;6.398059297504915;7.133801437710645;5.192889855319663;4.1271677281474695;6.821963562935707;6.50714737893577;6.79215636439767;6.618595853930856;3.7160176941542886;5.05823286150553;4.052894631458912;5.900953212596505;3.856022925581783;7.31452595180599;7.31452595180599;7.31452595180599;6.701093897114333;5.904438934896461;5.774400728216278;3.6904960708343424;3.0734323524520732;4.967682238377165;4.066257109487196;3.8691485231465776;3.6358742073061876;6.0368998092308175;3.436473046283936;5.026720641386419;5.63848623168451;5.580435235824552;5.276128538404009;7.31452595180599;3.4940525077981874;7.31452595180599;7.31452595180599;7.31452595180599;4.678960621444276;7.31452595180599;5.090246441425734;4.046907793323044;7.31452595180599;7.31452595180599;7.31452595180599;6.493339892855147;6.7900383491723915;3.9569818193267565;4.353881014874787;4.1271677281474695;7.31452595180599;4.0322580201718665;5.610735221602226;4.056133559031878;7.31452595180599;3.7157115783484187;3.4613548417692073;6.672825290923356;6.336458127152582;4.586600573915348;6.190595750726061;3.9091060733189806;6.160296709571412;4.1271677281474695;4.255348347272957;3.4089639264857396;4.9972714128471125;6.7983911372793955;2.926653681526659;3.7212074211565778;4.1271677281474695;3.74544473644346;7.31452595180599;4.519044366374146;3.6257485125679523;7.31452595180599;6.835352453781525;7.31452595180599;4.857110902084969;4.132949153710797;5.500074120625868;4.875175513736394;4.888211934110586;3.692894506995799;7.31452595180599;5.862162259152683;2.5976760241610464;7.31452595180599;6.015975521582732;5.462122867378639;7.31452595180599;4.165982126432937;5.869145435969585;7.31452595180599;5.491618872438266;4.9186954338838405;7.31452595180599;3.689136078581214;5.132953483087476;7.31452595180599;7.31452595180599;6.388156633620383;6.572183101750852;2.643401422887109;7.036583809531294;5.661214188949089;7.31452595180599;5.40750591988035;4.1271677281474695;3.448520737758372;5.123221253146767;4.872341845075425;6.198238861384198;7.31452595180599;3.213334707659669;6.373328952555312;7.31452595180599;7.31452595180599;4.908584857133974;7.31452595180599;3.2174683500197716;7.31452595180599;5.172623797684537;3.7697417292074533;3.589778909677989;6.779447099277604;6.55321136927887;3.7398649399983697;7.31452595180599;3.903589804947842;3.662574805202894;4.36032351393078
F110V;1.26;4.870820332538642;6.173234724064969;5.442179907640821;3.801178104737005;3.7510639505612744;6.597888671047258;4.424023715223257;7.312553787258366;7.312553787258366;7.312553787258366;7.312553787258366;7.312553787258366;3.8957599972275148;3.964544805210835;4.005813031843218;4.094075384315147;7.312553787258366;4.077724822426262;4.519678903946442;4.246319972311994;3.2091396788384827;3.44420194878694;3.954863120944765;7.312553787258366;5.412793404688273;5.810518128280819;7.312553787258366;7.312553787258366;7.105517959444114;4.528211890237799;6.439837215575608;5.128857340607738;4.930613738184547;3.4652189497503514;7.312553787258366;3.661094566173233;5.518348243796936;7.312553787258366;4.814434934531164;4.043950302854;7.312553787258366;7.312553787258366;3.6252155194890747;5.5820973550471535;7.312553787258366;3.4181165890552165;5.021144319071027;7.312553787258366;7.312553787258366;5.951579983615375;4.133551982035215;4.375793550033677;6.5337626784476015;7.143050328522804;3.770286878164825;7.312553787258366;3.7664858845894287;3.3858313284733867;7.312553787258366;7.312553787258366;3.3417789756570073;7.312553787258366;6.625198192015887;7.312553787258366;6.64526960726289;5.726519305267175;6.399358283167203;7.132181311641034;5.195698448393159;4.133551982035215;6.82283692929559;6.504887797582342;6.791464656125754;6.624224591308121;3.7224795695876765;5.065845934344907;4.059880064778781;5.901239457563861;3.862501822797867;7.312553787258366;7.312553787258366;7.312553787258366;6.702087797009881;5.906891402379188;5.764163499650749;3.69696901154407;3.0806651132888874;4.970741874247324;4.070326704778836;3.874636118644048;3.642733391284537;6.031437124191143;3.443805904600822;5.030535654810592;5.638867337991542;5.573803102990496;5.280730124854017;7.312553787258366;3.501211879345874;7.312553787258366;7.312553787258366;7.312553787258366;4.680439459350964;7.312553787258366;5.093286532560342;4.05397292969451;7.312553787258366;7.312553787258366;7.312553787258366;-0.6667624728208921;6.786738583825354;3.9643175256608174;4.361583470143387;4.133551982035215;7.312553787258366;3.63733677674486;5.609553834190592;4.058382476953739;7.312553787258366;3.7222796560109828;3.467909993582225;6.667925811791065;6.3360133371497795;4.584144527387707;6.183508477801297;3.9158205008500317;6.171816936624964;4.133551982035215;4.258121889026825;3.4182763209764744;4.996146159848649;6.797168130207865;2.9341068490250564;3.727574666765804;4.133551982035215;3.7526638476776952;7.312553787258366;4.517339600874948;3.632723503899115;7.312553787258366;6.833850910858018;7.312553787258366;4.858978163910251;4.140816338245031;5.506173066103656;4.878401111758649;4.889428289585339;3.6974830882618335;7.312553787258366;5.867668791608594;2.605241375638002;7.312553787258366;6.012837927428336;5.466383238763228;7.312553787258366;4.172112955050807;5.877692444496461;7.312553787258366;5.492822099531622;4.914182223961689;7.312553787258366;3.696422538873094;5.1419358783805365;7.312553787258366;7.312553787258366;6.388316886168468;6.570781227812404;2.650474045599367;7.0353696721213055;5.67042386162575;7.312553787258366;5.416493305685435;4.133551982035215;3.4550817466590615;5.1229890607774;4.883095892409983;6.20014891196206;7.312553787258366;3.2200306095548967;6.372848560902639;7.312553787258366;7.312553787258366;4.917880370712737;7.312553787258366;3.224758922555452;7.312553787258366;5.16758397630565;3.7751380648196573;3.596126831868105;6.775139491957816;6.549822496373963;3.7463646403996336;7.312553787258366;3.910545430828506;3.6697536271897206;4.354758166338797
T86I;-0.32;4.868459085155337;6.170690427672525;5.441031906790158;3.7965606678044423;3.7467238502576947;6.597675258788513;4.420959784969455;7.313343594782054;7.313343594782054;7.313343594782054;7.313343594782054;7.313343594782054;3.8916224834974855;3.960332507296698;4.001643880648771;4.102062748177559;7.313343594782054;4.071889811864821;4.5106706669175765;4.243434705509571;3.2045996045635547;3.4405079120624578;3.9496054515766446;7.313343594782054;5.407661164299498;5.810747889234335;7.313343594782054;7.313343594782054;7.106022638239665;4.5242842821644444;6.4416863332753564;5.130139824424987;4.93755501360647;3.46099191866233;7.313343594782054;3.658930101260921;5.51644057680096;7.313343594782054;4.815265975914372;4.039668463752605;7.313343594782054;7.313343594782054;3.620876755885547;5.57599333091639;7.313343594782054;3.4136583864165004;5.017992056142248;7.313343594782054;7.313343594782054;5.9485737351787975;4.129640914849006;4.372833100380376;6.529524450697863;7.144025957852136;3.765815273829503;7.313343594782054;3.762298870802624;3.381164158010506;7.313343594782054;7.313343594782054;3.3374885730736423;7.313343594782054;6.630216759576797;7.313343594782054;6.648855836778239;5.717356571198252;6.398765283730427;7.132727440068265;5.191356899991661;4.129640914849006;6.820764809715911;6.506367742556904;6.791784635432123;6.6233295993470165;3.7185427588701714;5.062792101576633;4.055569300777279;5.897364507563907;3.8585388253850397;7.313343594782054;7.313343594782054;7.313343594782054;6.700369703299657;5.904748732249573;5.777548681406188;2.163476780973724;3.0763636039046105;4.967851811612491;4.069133233744651;3.869234328456514;3.638518650230253;6.0344020278716926;3.4393032511579804;5.029426711118504;5.638460080379446;5.579711224054336;5.279861465431168;7.313343594782054;3.496907905850094;7.313343594782054;7.313343594782054;7.313343594782054;4.680003191810101;7.313343594782054;5.092053211295024;4.049662823381368;7.313343594782054;7.313343594782054;7.313343594782054;6.496008304762654;6.786738358619914;3.9596806295448914;4.356678583208122;4.129640914849006;7.313343594782054;3.6330265555006918;5.612980447749578;4.058263667975552;7.313343594782054;3.7181826938758604;3.463894527143566;6.6665847308322554;6.334668322488142;4.584665110749484;6.178770293743582;3.911629682959756;6.169563646955794;4.129640914849006;4.2563788548868615;3.4132340408395976;4.994143854224603;6.802368168493558;2.9295252184092533;3.7236465831228998;4.129640914849006;3.748190788697684;7.313343594782054;4.516442692256533;3.628434344107518;7.313343594782054;6.83459026509081;7.313343594782054;4.85858705668943;4.1349799210365745;5.504511798653766;4.875354526391675;4.892521900921565;3.6907931049645413;7.313343594782054;5.86513479086716;2.600573642004747;7.313343594782054;6.014866942186927;5.467057208908955;7.313343594782054;4.167532011459116;5.872984533828458;7.313343594782054;5.498758540597919;4.919600042187085;7.313343594782054;3.6919682338484563;5.136667363636661;7.313343594782054;7.313343594782054;6.390869608527282;6.571876105292176;2.6460715447028633;7.035800544545054;5.664109369696234;7.313343594782054;5.410245417682745;4.129640914849006;3.4511268849892076;5.121354221468209;4.876170553681732;6.201652272707179;7.313343594782054;3.216029144648928;6.372603843890829;7.313343594782054;7.313343594782054;4.917256344699126;7.313343594782054;3.220339965628227;7.313343594782054;5.171881867937373;3.773280925306608;3.5925846319732955;6.7739304664683;6.551506298204913;3.7423979890008923;7.313343594782054;3.9059328358853236;3.665379777434282;4.359484111999336
V107M;1.13;4.870567881294846;6.1730467888010025;5.4405693122043886;3.803884568298372;3.7542834981743454;6.597375527044278;4.427495136744483;7.312012503112783;7.312012503112783;7.312012503112783;7.312012503112783;7.312012503112783;3.898544596695615;3.9673820888402815;4.008735270426882;4.10370689663614;7.312012503112783;4.078386721240122;4.5166957983728935;4.250362836364388;3.2123185809597317;3.447454347691405;3.9569002779503535;7.312012503112783;5.409116469032597;5.810221200459637;7.312012503112783;7.312012503112783;7.104734674510837;4.529195720361713;6.44015307546033;5.1352387131992145;4.93775349956195;3.468062584475888;7.312012503112783;3.663721148724335;5.521211940093963;7.312012503112783;4.818556344102035;4.046855611914111;7.312012503112783;7.312012503112783;3.628166559805436;5.579912634277207;7.312012503112783;3.421224427917082;5.023260253738044;7.312012503112783;7.312012503112783;5.953056932539766;4.136075293308863;4.378876780499354;6.530581873548726;7.142730422743625;3.7713938612810125;7.312012503112783;3.769296472381143;3.3886138037006504;7.312012503112783;7.312012503112783;3.344696925791254;7.312012503112783;6.629399863200888;7.312012503112783;6.648117274635297;5.721966970448193;6.397184222226315;7.131433664009819;5.1956964604733;4.136075293308863;6.822216117401695;6.504944812859321;6.7905385153062525;6.624801976417984;3.725055159839144;5.067533548098254;4.062813612005016;5.8993383037977765;3.8650724204618427;7.312012503112783;7.312012503112783;7.312012503112783;6.70301921747523;5.906260681402273;5.777231200896495;3.6995467030338887;3.084042863040736;4.972066740430819;4.075156890397693;3.875930411946456;3.6458703496351745;6.03312439684305;3.446967393318232;5.029015985775459;5.643333165700824;5.5818822971050395;5.2845748274803555;7.312012503112783;3.5042114547815117;7.312012503112783;7.312012503112783;7.312012503112783;4.685605269343796;7.312012503112783;5.092211550790125;4.056889298966894;-0.37632122695140424;7.312012503112783;7.312012503112783;6.498752466934093;6.786111690515099;3.966248364328976;4.3627371867229385;4.136075293308863;7.312012503112783;3.640282065795077;5.612831114112851;4.062594659837714;7.312012503112783;3.7255216150949764;3.470488578559639;6.668792943855806;6.332924408750841;4.588454898450436;6.178773797118993;3.918564256642753;6.174097413060736;4.136075293308863;4.261864144972606;3.4192528839244005;4.998926435806425;6.801973705969431;2.937342331117293;3.7301826836320515;4.136075293308863;3.755813456211513;7.312012503112783;4.519949230018028;3.6356405725947525;7.312012503112783;6.83334463275969;7.312012503112783;4.863571701681394;4.141820314720235;5.504787425968971;4.878599964838031;4.89541941699099;3.6962387587311696;7.312012503112783;5.867881923284585;2.6084218360302884;7.312012503112783;6.013214546357631;5.467010661754102;7.312012503112783;4.173658179256336;5.874052000363918;7.312012503112783;5.5004604372024914;4.9233879528883335;7.312012503112783;3.6994114583195596;5.141021515967623;7.312012503112783;7.312012503112783;6.389317876743007;6.570516881747608;2.653780185583173;7.034523619389802;5.666921692180949;7.312012503112783;5.412917415660559;4.136075293308863;3.45771333535788;5.12618159909016;4.8814618246233294;6.2006995281162745;7.312012503112783;3.2227903732692766;6.371169940190157;7.312012503112783;7.312012503112783;4.92217001078734;7.312012503112783;3.2276536942248413;7.312012503112783;5.1715086235844865;3.780248383000753;3.5994098640335324;6.773482986453018;6.550132420870796;3.7489153162006232;7.312012503112783;3.9124485939755687;3.6726929230627547;4.362084966885959
Y105W;0.71;4.867553145428246;6.176467441335262;5.427887730336806;3.799538485414814;3.749697196879424;6.588330242579104;4.424404747202061;7.312697629618924;7.312697629618924;7.312697629618924;7.312697629618924;7.312697629618924;3.894436181813944;3.963145890098531;4.004356975201517;4.105255391084938;7.312697629618924;4.076272830221569;4.513680958523764;4.246662300574826;3.2075886128586717;3.4440713416261133;3.9525284435094363;7.312697629618924;5.403767286512448;5.802757405457669;7.312697629618924;7.312697629618924;7.105245229264256;4.5256562323666;6.43768794404059;5.130048502192949;4.931882940731157;3.463830161781516;7.312697629618924;3.6606885260007402;5.516726712565287;7.312697629618924;4.813076727987209;4.042445602826774;7.312697629618924;7.312697629618924;3.6236776841105893;5.5774392819730565;7.312697629618924;3.4164909527171403;5.025538824200339;7.312697629618924;7.312697629618924;5.950855430244701;4.132217864884296;4.375763928401284;6.531386452099468;7.143708122952376;3.767158321716124;7.312697629618924;3.7650959370075725;3.3831341411714675;7.312697629618924;7.312697629618924;3.340321089082863;7.312697629618924;6.627297250675838;7.312697629618924;6.648122437945858;5.717289216901918;6.400051783427443;7.131717458771163;5.188964205346565;4.132217864884296;6.821216577649466;6.505470872747537;6.791989360594016;6.63182371064886;3.7211753524607047;5.071988446135947;4.058373499778099;5.89362915124002;3.861155924620107;7.312697629618924;7.312697629618924;7.312697629618924;6.707194596012414;5.901221319418255;5.779116372214048;3.6956544367130846;3.0792572561767884;4.9626143838395365;4.075719114189269;3.8685207762246137;3.641104215173982;6.035132637596689;3.4422518677602056;5.0198459459661535;5.638817132516124;5.591667516724556;5.294650056559476;7.312697629618924;3.4998668175539933;7.312697629618924;7.312697629618924;7.312697629618924;4.680951596033992;7.312697629618924;2.8357006342539535;4.052529711741954;7.312697629618924;7.312697629618924;7.312697629618924;6.499805000370543;6.7827297616240685;3.961169545451412;4.3623044754058355;4.132217864884296;7.312697629618924;3.6358846412040293;5.609355841454089;4.06008952215052;7.312697629618924;3.7207378972962033;3.4665392029564828;6.668139915796928;6.3331808515576995;4.584508482003002;6.173829530394869;3.914286197919864;6.181996833362064;4.132217864884296;4.262697130354354;3.418829112779349;5.007999110830497;6.795624356258486;2.9325187250215095;3.7262267118203454;4.132217864884296;3.751104527967982;7.312697629618924;4.516787276719697;3.631233746127691;7.312697629618924;6.8336634712759405;7.312697629618924;4.865056770911906;4.135854032814677;5.501608031025171;4.875682590982251;4.8922117005968175;3.6867397404566873;7.312697629618924;5.875611299627053;2.6035955806437414;7.312697629618924;6.011822835014755;5.464561439497629;7.312697629618924;4.168190994299948;5.87639968244639;7.312697629618924;5.500069291614636;4.918434298910142;7.312697629618924;3.6949006654322147;5.135779767471831;7.312697629618924;7.312697629618924;6.387993269803701;6.570373989481595;2.6490726941847242;7.034937210177304;5.662806285356055;7.312697629618924;5.40784639697813;4.132217864884296;3.453828425350366;5.122402072083787;4.881552403567184;6.203709724199143;7.312697629618924;3.218753074470442;6.370492564281449;7.312697629618924;7.312697629618924;4.927841455406451;7.312697629618924;3.223222600761801;7.312697629618924;5.177034515146261;3.772914277811651;3.5963114936457714;6.7623511337114905;6.551629548241181;3.7450308114639483;7.312697629618924;3.9076584345893934;3.668304622580763;4.362102185870754
D12K;0.05;4.870567881294846;6.1730467888010025;5.4405693122043886;3.803884568298372;3.7542834981743454;6.597375527044278;4.427495136744483;7.312012503112783;7.312012503112783;7.312012503112783;7.312012503112783;-0.37632122695140424;3.898544596695615;3.9673820888402815;4.008735270426882;4.10370689663614;7.312012503112783;4.078386721240122;4.5166957983728935;4.250362836364388;3.2123185809597317;3.447454347691405;3.9569002779503535;7.312012503112783;5.409116469032597;5.810221200459637;7.312012503112783;7.312012503112783;7.104734674510837;4.529195720361713;6.44015307546033;5.1352387131992145;4.93775349956195;3.468062584475888;7.312012503112783;3.663721148724335;5.521211940093963;7.312012503112783;4.818556344102035;4.046855611914111;7.312012503112783;7.312012503112783;3.628166559805436;5.579912634277207;7.312012503112783;3.421224427917082;5.023260253738044;7.312012503112783;7.312012503112783;5.953056932539766;4.136075293308863;4.378876780499354;6.530581873548726;7.142730422743625;3.7713938612810125;7.312012503112783;3.769296472381143;3.3886138037006504;7.312012503112783;7.312012503112783;3.344696925791254;7.312012503112783;6.629399863200888;7.312012503112783;6.648117274635297;5.721966970448193;6.397184222226315;7.131433664009819;5.1956964604733;4.136075293308863;6.822216117401695;6.504944812859321;6.7905385153062525;6.624801976417984;3.725055159839144;5.067533548098254;4.062813612005016;5.8993383037977765;3.8650724204618427;7.312012503112783;7.312012503112783;7.312012503112783;6.70301921747523;5.906260681402273;5.777231200896495;3.6995467030338887;3.084042863040736;4.972066740430819;4.075156890397693;3.875930411946456;3.6458703496351745;6.03312439684305;3.446967393318232;5.029015985775459;5.643333165700824;5.5818822971050395;5.2845748274803555;7.312012503112783;3.5042114547815117;7.312012503112783;7.312012503112783;7.312012503112783;4.685605269343796;7.312012503112783;5.092211550790125;4.056889298966894;7.312012503112783;7.312012503112783;7.312012503112783;6.498752466934093;6.786111690515099;3.966248364328976;4.3627371867229385;4.136075293308863;7.312012503112783;3.640282065795077;5.612831114112851;4.062594659837714;7.312012503112783;3.7255216150949764;3.470488578559639;6.668792943855806;6.332924408750841;4.588454898450436;6.178773797118993;3.918564256642753;6.174097413060736;4.136075293308863;4.261864144972606;3.4192528839244005;4.998926435806425;6.801973705969431;2.937342331117293;3.7301826836320515;4.136075293308863;3.755813456211513;7.312012503112783;4.519949230018028;3.6356405725947525;7.312012503112783;6.83334463275969;7.312012503112783;4.863571701681394;4.141820314720235;5.504787425968971;4.878599964838031;4.89541941699099;3.6962387587311696;7.312012503112783;5.867881923284585;2.6084218360302884;7.312012503112783;6.013214546357631;5.467010661754102;7.312012503112783;4.173658179256336;5.874052000363918;7.312012503112783;5.5004604372024914;4.9233879528883335;7.312012503112783;3.6994114583195596;5.141021515967623;7.312012503112783;7.312012503112783;6.389317876743007;6.570516881747608;2.653780185583173;7.034523619389802;5.666921692180949;7.312012503112783;5.412917415660559;4.136075293308863;3.45771333535788;5.12618159909016;4.8814618246233294;6.2006995281162745;7.312012503112783;3.2227903732692766;6.371169940190157;7.312012503112783;7.312012503112783;4.92217001078734;7.312012503112783;3.2276536942248413;7.312012503112783;5.1715086235844865;3.780248383000753;3.5994098640335324;6.773482986453018;6.550132420870796;3.7489153162006232;7.312012503112783;3.9124485939755687;3.6726929230627547;4.362084966885959
E92K;0.82;4.871771666067616;6.167816340697755;5.442635857070854;3.803147615841681;3.753579742123293;6.595703043567482;4.426419926735889;7.311762903744238;7.311762903744238;7.311762903744238;7.311762903744238;7.311762903744238;3.8979145091852843;3.9667395479755214;4.00805846824187;4.100103343935189;7.311762903744238;4.076911800948437;4.516075435129096;4.251544394315715;3.2116093736385665;3.446827907250281;3.9562464757837006;7.311762903744238;5.406217207972077;5.809350081930461;7.311762903744238;7.311762903744238;7.104434225955629;4.528865684180346;6.44019803192532;5.136190450137292;4.937314234994119;3.46741663060493;7.311762903744238;3.6625778671750595;5.5230546173461335;7.311762903744238;4.821089652636147;4.046173757828001;7.311762903744238;7.311762903744238;3.6274779139912425;5.575864583330258;7.311762903744238;3.420499723359171;5.020701652152638;7.311762903744238;7.311762903744238;5.951197388068977;4.135468481470525;4.3780810445455245;6.529722298544584;7.142517119595141;3.772022365954399;7.311762903744238;3.7686577341646625;3.3880219325455982;7.311762903744238;7.311762903744238;3.3440082108845672;7.311762903744238;6.6305152286568045;7.311762903744238;6.648878653904831;5.718941677116163;6.397197362012776;7.130983063238091;5.193232060930313;4.135468481470525;6.8223090195897385;6.504678058059653;6.790385471394984;6.624711262996243;3.7244497728079295;5.06850373441921;4.0621384435344225;5.898908049130114;3.864460098569907;7.311762903744238;7.311762903744238;7.311762903744238;6.702511403731478;5.908233220368857;5.776968961792591;3.6989329208863637;3.083283472335097;4.967294987705827;4.074751348019163;3.8752393670529273;3.6451588553291003;-0.6661568211634403;3.446258562600633;5.027023678248952;5.639356268409756;5.584295083062898;5.2834028621946345;7.311762903744238;3.503550761974111;7.311762903744238;7.311762903744238;7.311762903744238;4.684943567145638;7.311762903744238;5.093131523711236;4.056231228239994;7.311762903744238;7.311762903744238;7.311762903744238;6.4963137945997005;6.786545513925375;3.9654933300016637;4.361911906390105;4.135468481470525;7.311762903744238;3.639623411128923;5.617929827323678;4.061374743842862;7.311762903744238;3.7248071740464184;3.469871891733419;6.669070118339732;6.333132617604861;4.586428585996146;6.176840643889591;3.917900558690235;6.175530910280941;4.135468481470525;4.26331400878189;3.4179983710419037;4.999614578448018;6.802553866960807;2.93662428702919;3.7295381430431007;4.135468481470525;3.755101613480292;7.311762903744238;4.518185756483945;3.6349704857111647;7.311762903744238;6.833194059727248;7.311762903744238;4.861350960032723;4.1409035100778055;5.501833829892348;4.878056666906559;4.8925896676846605;3.697093269015568;7.311762903744238;5.870863762698718;2.6076910250471883;7.311762903744238;6.013806029728585;5.471442542766454;7.311762903744238;4.172852045881427;5.877003420694564;7.311762903744238;5.499956619125442;4.920839893286029;7.311762903744238;3.698738866032727;5.143410301843687;7.311762903744238;7.311762903744238;6.3895029457926285;6.570456802881381;2.653044556263467;7.034318309495575;5.667495884870732;7.311762903744238;5.414743585824908;4.135468481470525;3.457106969157394;5.12471088865459;4.880584845727753;6.201692672891113;7.311762903744238;3.222166543140702;6.371161313545599;7.311762903744238;7.311762903744238;4.924971808475675;7.311762903744238;3.2271082423794724;7.311762903744238;5.168794609541692;3.779195296980106;3.598600471604186;6.775845685649983;6.549922938447708;3.748307646555986;7.311762903744238;3.912253452376717;3.6720338015711604;4.364396268676501
T111I;0.56;4.867747047176181;6.172871643240796;5.438378546023159;3.8029358988289914;3.753371735605242;6.594815832693712;4.426910784508891;7.312492322649632;7.312492322649632;7.312492322649632;7.312492322649632;7.312492322649632;3.897744021921312;3.9665461837038265;4.007903213806344;4.107655030746173;7.312492322649632;4.076525891532583;4.51454696112296;4.249440066093939;3.2113991552222387;3.4462386167108434;3.9563347818516377;7.312492322649632;5.406300048523917;5.809356579899031;7.312492322649632;7.312492322649632;7.105277029033459;4.527787728266048;6.441026652357323;5.132977573888638;4.933353251502922;3.4672180520909706;7.312492322649632;3.6620729631342783;5.5207277171093665;7.312492322649632;4.822413663536281;4.046006706445837;7.312492322649632;7.312492322649632;3.627299940174339;5.579563439345293;7.312492322649632;3.42031603494695;5.0225201695420765;7.312492322649632;7.312492322649632;5.957690316904518;4.135320350255711;4.377827800434943;6.530585200036512;7.143260743658175;3.770197312719347;7.312492322649632;3.7684654481316784;3.3874633508953593;7.312492322649632;7.312492322649632;3.3438341273184733;7.312492322649632;6.631821985096394;7.312492322649632;6.649866861811461;5.72158948467677;6.398076050790223;7.131728596446919;5.193097764434242;4.135320350255711;6.818658279113151;6.505528833018616;6.791176690378052;6.6291353207479915;3.7242961882337795;5.07004348456212;4.061957539776699;5.897440386068411;3.864306802705755;7.312492322649632;7.312492322649632;7.312492322649632;6.705978097761545;5.906967687622455;5.77831469413286;3.6987831250488625;3.083261071177162;4.9688928203358955;4.073589422415353;3.87450095553163;3.644948028166482;6.034279654202692;3.446061339044604;5.029141489551876;5.642770107871911;5.580316638246586;5.28385953705947;7.312492322649632;3.5033588677951;7.312492322649632;7.312492322649632;7.312492322649632;4.684095701915339;7.312492322649632;5.090135587709483;4.056040580752665;7.312492322649632;7.312492322649632;7.312492322649632;6.499326772744098;-0.6134350018891155;3.965264492330448;4.361710867853844;4.135320350255711;7.312492322649632;3.6394238953552076;5.614633270102786;4.06123999954707;7.312492322649632;3.7245894351726747;3.469710817463124;6.671082357956038;6.334079624415608;4.586522482767123;6.176393761739746;3.917736540276451;6.176051747019301;4.135320350255711;4.261063739873862;3.421121029206006;4.9955892247944576;6.803131603879592;2.9364054146470835;3.729407570518447;4.135320350255711;3.7549102031233588;7.312492322649632;4.51789727054711;3.6347824768935197;7.312492322649632;6.833977216068888;7.312492322649632;4.865376682150782;4.140300165538292;5.503751398495297;4.883078008520897;4.89736086337507;3.6970412446858063;7.312492322649632;5.867945521218644;2.607463973020799;7.312492322649632;6.012258869701327;5.466010852265754;7.312492322649632;4.173163516366458;5.871167542632065;7.312492322649632;5.5027670924282575;4.92761805567261;7.312492322649632;3.6985274689112657;5.140123918628888;7.312492322649632;7.312492322649632;6.389508274187392;6.571277854403888;2.652853957712864;7.0350791368909995;5.6620621227011725;7.312492322649632;5.408180739783347;4.135320350255711;3.4569452896438406;5.126179567422696;4.879481830629629;6.200751984965791;7.312492322649632;3.2219954740329513;6.371891394621343;7.312492322649632;7.312492322649632;4.9284363942206255;7.312492322649632;3.2267769948614387;7.312492322649632;5.17289099723439;3.77885581127407;3.5983148271459413;6.7742857117409585;6.550680988748354;3.7481533242579417;7.312492322649632;3.911093661083214;3.671812587960517;4.366223075401649
