variant;y;X1;X2;X3;X4;X5;X6;X7;X8;X9;X10;X11;X12;X13;X14;X15;X16;X17;X18;X19;X20;X21;X22;X23;X24;X25;X26;X27;X28;X29;X30;X31;X32;X33;X34;X35;X36;X37;X38;X39;X40;X41;X42;X43;X44;X45;X46;X47;X48;X49;X50;X51;X52;X53;X54;X55;X56;X57;X58;X59;X60;X61;X62;X63;X64;X65;X66;X67;X68;X69;X70;X71;X72;X73;X74;X75;X76;X77;X78;X79;X80;X81;X82;X83;X84;X85;X86;X87;X88;X89;X90;X91;X92;X93;X94;X95;X96;X97;X98;X99;X100;X101;X102;X103;X104;X105;X106;X107;X108;X109;X110;X111;X112;X113;X114;X115;X116;X117;X118;X119;X120;X121;X122;X123;X124;X125;X126;X127;X128;X129;X130;X131;X132;X133;X134;X135;X136;X137;X138;X139;X140;X141;X142;X143;X144;X145;X146;X147;X148;X149;X150;X151;X152;X153;X154;X155;X156;X157;X158;X159;X160;X161;X162;X163;X164;X165;X166;X167;X168;X169;X170;X171;X172;X173;X174;X175;X176;X177;X178;X179;X180;X181;X182;X183;X184;X185;X186;X187;X188
D176A;0.9;3.899344564299099;2.5427350969060853;8.132154810225984;2.101379928610527;8.132154810225984;2.9220278536907927;8.132154810225984;6.196000682079102;7.487919338454958;7.056907016889454;7.00231815288862;7.374085076611664;4.515255839658494;2.4065690173541725;8.132154810225984;8.132154810225984;8.132154810225984;3.0941144240445055;5.033572878835912;5.147775619549066;7.326863881338795;3.368491342257016;3.726750548079849;8.132154810225984;5.90379925481102;8.132154810225984;8.132154810225984;3.0528010893270903;6.726875962674967;8.132154810225984;3.128633208305814;8.132154810225984;6.077147557072749;8.132154810225984;8.132154810225984;8.132154810225984;8.132154810225984;2.458116429649067;3.8837308765314447;4.54138472333716;6.039964681549463;3.726750548079849;5.469105492744347;5.9666227689012885;3.3069928718272195;8.132154810225984;2.48977165363101;8.132154810225984;6.905974884102761;8.132154810225984;2.803220645257511;3.2597763957498955;6.628464107619948;3.1961663453964775;7.614989576941298;7.67323272696558;8.132154810225984;8.132154810225984;3.726750548079849;6.045365938698524;8.132154810225984;6.822174100176198;8.132154810225984;3.497681896750123;6.758791529624432;6.189634671660315;5.310397327594728;3.726750548079849;2.8974320035434857;3.726750548079849;5.657399899486336;3.3790165093618043;7.303217215947939;6.6367186982461135;7.170403926258587;7.458843171480112;5.548862597661355;8.132154810225984;8.132154810225984;5.847169356820814;8.132154810225984;2.8767494422448863;5.618911569828924;5.506951291306905;5.976891550984874;8.132154810225984;5.421169447072316;3.726750548079849;8.132154810225984;3.726750548079849;2.96778993728185;6.366538729056629;2.512610805768759;7.003029089384654;7.585451838512199;8.132154810225984;2.4027242421528854;6.505006542400224;6.539544585699332;6.243615365783626;8.132154810225984;8.132154810225984;2.53660759509728;8.132154810225984;8.132154810225984;8.132154810225984;6.020194018206894;5.603707550872059;4.805249961013942;7.421191810783057;6.846770441959961;8.132154810225984;3.404150567798183;3.2375275638743233;6.457618920889217;2.274082032858246;6.540469650271007;8.132154810225984;8.132154810225984;7.872463881212752;8.132154810225984;7.969531310643106;6.990378245180182;4.886002499821188;5.701651309595036;5.62493123555214;4.411361829461384;5.411582178749086;2.0897906401609134;6.090887228108841;6.381803589662013;8.132154810225984;5.462251250904956;8.132154810225984;2.7870631976060167;8.132154810225984;8.132154810225984;7.26066078445092;8.132154810225984;4.455878260755526;4.772495348085613;5.4645654308915255;6.840788179411902;3.076877231867911;3.726750548079849;4.770918768360389;2.521079366090248;8.132154810225984;4.523916364305023;6.993973160890164;6.105683474057514;4.887343761391094;6.716507015094976;6.585926425294019;4.659690387874434;8.132154810225984;6.9054393955739215;6.4062186484115955;5.632654069991986;4.368569228615115;3.3987945302834532;4.997051767275025;5.205261285958841;5.628090329500992;8.132154810225984;4.433544997113586;5.217186282854527;5.048258738986988;3.2065999377176695;4.737459654417535;7.555637006267716;7.383711333161045;8.132154810225984;7.242675573903398;7.550859739763837;-0.7397178429574751;4.367464527871562;8.132154810225984;8.132154810225984;3.5941790148996233;2.41179999079975;6.360366290962702;7.3803082897193235;8.132154810225984;3.726750548079849;3.726750548079849;5.6025050077169;2.8623586309498705
E177Q;1.7;3.8984535731287906;2.5370876544038765;8.135256011230013;2.0953955384902656;8.135256011230013;2.916802809893852;8.135256011230013;6.175601137058038;7.489426122076111;7.064567776054901;7.02884544643166;7.368869662233919;4.4906528515712125;2.4006806458928622;8.135256011230013;8.135256011230013;8.135256011230013;3.0886911075212993;5.100696079645786;5.155087533135884;7.345947969472036;3.3634161285008304;3.722214695997536;8.135256011230013;5.914925798904733;8.135256011230013;8.135256011230013;3.0476375905564055;6.743833598156925;8.135256011230013;3.1234174896089826;8.135256011230013;6.054670386962243;8.135256011230013;8.135256011230013;8.135256011230013;8.135256011230013;2.4522234742180444;3.8606747827943764;4.535356315642275;6.019765539007494;3.722214695997536;5.476692189928144;5.998377075702592;3.3017928975168616;8.135256011230013;2.4839635579264723;8.135256011230013;6.9208188554039225;8.135256011230013;2.7976601131958887;3.2555111750843935;6.640233847967465;3.188286421718658;7.65688623204187;7.675043729273966;8.135256011230013;8.135256011230013;3.722214695997536;6.011365946091246;8.135256011230013;6.815394195204135;8.135256011230013;3.4928947266889736;6.769428729954598;6.196050332451705;5.308386489400618;3.722214695997536;2.8917253323597834;3.722214695997536;5.673764548449981;3.3739852715516463;7.312178806566067;6.649710176541703;7.158478049146652;7.469511153525673;5.567976394875586;8.135256011230013;8.135256011230013;5.844121641057427;8.135256011230013;2.8710911625239532;5.596260334015824;5.532374686212279;5.976119231847406;8.135256011230013;5.34887225546845;3.722214695997536;8.135256011230013;3.722214695997536;2.9559034671528934;6.353237000428635;2.506943482265342;7.01502523945237;7.606355325670847;8.135256011230013;2.3969460027874447;6.522917504531506;6.512359169544652;6.205729791894555;8.135256011230013;8.135256011230013;2.5306577908049803;8.135256011230013;8.135256011230013;8.135256011230013;5.9810447646596;5.598319220080157;4.770201681101753;7.387912100130052;6.814063991347211;8.135256011230013;3.398884720634669;3.230307212943444;6.469163191213738;2.2685279556317255;6.533519757414069;8.135256011230013;8.135256011230013;7.8748324341577245;8.135256011230013;7.973641125304312;6.964130310756445;4.8956106502628245;5.668652874788677;5.619489619135493;4.41699741454795;5.3943163502299285;2.0836249282292556;6.080293737548345;6.382691982595134;8.135256011230013;5.4563313485487015;8.135256011230013;2.78156808327185;8.135256011230013;8.135256011230013;7.283355472493895;8.135256011230013;4.440810611655252;4.784237740466779;5.471078612914425;6.8588818872958655;3.0812690902785107;3.722214695997536;4.736831336500472;2.5154138582001906;8.135256011230013;4.504019079970021;6.995841795986053;6.117257629957749;4.880199239909416;6.723919382682652;6.6034036877099425;4.637321496615186;8.135256011230013;6.882253492905875;6.413880580323166;5.611908520928409;4.372412799755693;3.391774178366177;5.002314975718036;5.184249844984151;5.6164250812726095;8.135256011230013;4.425923345384945;5.227081718119734;5.037423641595524;3.201032535696868;4.727404704070068;7.556722842955423;7.390172973187873;8.135256011230013;7.241450690635247;7.547259471961297;7.350012569551836;2.617317144642584;8.135256011230013;8.135256011230013;3.5911083244114934;2.4058554087241646;6.367484596557915;7.3856217542179365;8.135256011230013;3.722214695997536;3.722214695997536;5.6084027457436605;2.856943287944887
F88A;2.9;3.89724689428931;2.536207396791724;8.1331318294815;2.0944273221175536;8.1331318294815;2.915891633623687;8.1331318294815;6.191399128887497;7.478986218513455;7.055539574634167;7.024696228050743;7.3776892759269685;4.520797657528419;2.3997945204828284;8.1331318294815;8.1331318294815;8.1331318294815;3.087806850169727;5.147682449978674;5.161625134735004;7.3328661474370165;3.3624239038545056;3.7213223122162162;8.1331318294815;5.920810705050826;8.1331318294815;8.1331318294815;3.046671181531565;6.726595221014577;8.1331318294815;3.1224917134604766;8.1331318294815;6.067274063534569;8.1331318294815;8.1331318294815;8.1331318294815;8.1331318294815;2.4513277231235406;3.8916779890865882;4.5344975433963555;6.035559625772294;3.7213223122162162;5.480652892972103;5.979853785072919;3.300851229367254;8.1331318294815;2.483041552673967;8.1331318294815;6.932085179549176;8.1331318294815;2.796799483789073;3.2545496102320612;6.629868116389844;3.1872512421850843;7.643433413832099;7.673016320748502;8.1331318294815;8.1331318294815;3.7213223122162162;6.035592147425632;8.1331318294815;6.803900649465504;8.1331318294815;3.4919909843811183;6.756973170196943;6.176853326105629;5.304101743434813;3.7213223122162162;2.8907836789949215;3.7213223122162162;5.65158911046376;3.373236275241652;7.298810509299642;6.654405197448796;7.152740758727305;7.4721952552572475;5.532656854240486;8.1331318294815;8.1331318294815;5.854964409110835;8.1331318294815;2.870236620241485;5.6059625766429235;5.539902425414766;5.94469411343016;8.1331318294815;5.398437058487616;-0.5181810986938782;8.1331318294815;3.7213223122162162;2.9549416469653806;6.337026587076252;2.5059611426768242;6.989514924789546;7.609755932079679;8.1331318294815;2.396070427923405;6.508593321304943;6.522165788235725;6.229723834250763;8.1331318294815;8.1331318294815;2.5298043189613963;8.1331318294815;8.1331318294815;8.1331318294815;5.98528282874031;5.596661272793426;4.770459886478875;7.415123930572008;6.832106046924309;8.1331318294815;3.398022127301374;3.2293996388434607;6.470353801487363;2.267570776917637;6.531002384607746;8.1331318294815;8.1331318294815;7.872746147229918;8.1331318294815;7.971522867716885;6.973099210496002;4.870557179252501;5.698901758973079;5.61683021307411;4.414837151766733;5.390786808888151;2.082735825671989;6.084777582755123;6.373351954083773;8.1331318294815;5.449389968453033;8.1331318294815;2.7807067022877163;8.1331318294815;8.1331318294815;7.281929524194311;8.1331318294815;4.449384231988915;4.779249567401166;5.470128528659188;6.85381286246411;3.0682365696147826;3.7213223122162162;4.766373106928768;2.514474801129836;8.1331318294815;4.513704409099773;6.998774164509086;6.117341565339302;4.88999295779945;6.723642627403024;6.604086859806557;4.639335452560772;8.1331318294815;6.88014109073265;6.4022637318921625;5.620819224110164;4.3593027051024364;3.3907850862797204;4.996578152355392;5.216363543650004;5.61451989026682;8.1331318294815;4.435116453590126;5.21782047826855;5.032540458942094;3.2001350967548206;4.725481605541972;7.554628599127682;7.351543567536282;8.1331318294815;7.2232864153629635;7.5368325515592005;7.408687966710204;4.399556888794905;8.1331318294815;8.1331318294815;3.589809168700981;2.4049488155797007;6.364866122283274;7.382645230985872;8.1331318294815;3.7213223122162162;3.7213223122162162;5.611668559801728;2.8560002073281794
I111A;1.2;3.8989006571221125;2.542095167990965;8.132490358517316;2.1006318840875338;8.132490358517316;2.921688915193272;8.132490358517316;6.18898555540909;7.470542435912648;7.057202864914871;7.039634357832256;7.374059580695757;4.520109375393076;2.405562941064318;8.132490358517316;8.132490358517316;8.132490358517316;3.0931761859894777;5.140078445891049;5.077948897805982;7.359775259523303;3.3679514622992883;3.726341265856945;8.132490358517316;5.891792289658042;8.132490358517316;8.132490358517316;3.0522354236084084;6.71392786490469;8.132490358517316;3.127966489198343;8.132490358517316;6.0847407680994365;8.132490358517316;8.132490358517316;8.132490358517316;8.132490358517316;2.457410591035341;3.8982424125033504;4.5458174121731645;6.016237295967585;3.726341265856945;5.502669924726888;5.971130207442911;3.306443535220069;8.132490358517316;2.489025234033079;8.132490358517316;6.933038022529217;8.132490358517316;2.802658200052292;3.2582673745927195;6.618893562656012;3.1916428551510307;7.640586195193464;7.67387627793687;8.132490358517316;8.132490358517316;3.726341265856945;5.889210324305168;8.132490358517316;6.842731974327762;8.132490358517316;3.4972540665396536;6.767033001002346;6.16089990225737;5.308208613508668;3.726341265856945;2.8967501134241047;3.726341265856945;5.645954179428372;3.378285976962843;7.291472820583863;6.651234750155709;7.155962573866418;7.463548323255964;5.529083534540405;8.132490358517316;8.132490358517316;5.855499821758713;8.132490358517316;2.876186116008512;5.587204961317184;5.540990158155182;5.980479764701158;8.132490358517316;5.391081367964944;3.726341265856945;8.132490358517316;3.726341265856945;2.955087937522194;6.350043812431977;2.511848012355813;6.990103553602239;7.615288437637901;8.132490358517316;2.4020947461460764;6.51306490474235;6.529107819660567;6.217089810692414;8.132490358517316;8.132490358517316;2.5358280579014263;8.132490358517316;8.132490358517316;8.132490358517316;6.010391746625828;5.6088021962750645;4.780843123087834;7.389631446276326;-0.9087150694842876;8.132490358517316;3.403342184049734;3.233222840945018;6.45778914281982;2.273409309489466;6.5179084596356915;8.132490358517316;8.132490358517316;7.87276021107391;8.132490358517316;7.971214825892275;6.9702727710755426;4.851787576248171;5.716578340092383;5.612617912882342;4.421481637051784;5.400840660122412;2.0889438966325997;6.08501937478286;6.366423864776152;8.132490358517316;5.458663241170143;8.132490358517316;2.786390415355754;8.132490358517316;8.132490358517316;7.297189028556204;8.132490358517316;4.4483224792743385;4.789498691354538;5.495512794642082;6.848084368641139;3.081434774011541;3.726341265856945;4.77371228055199;2.5203620465974836;8.132490358517316;4.519871443012562;7.006415635110898;6.135327283765946;4.901116655204532;6.7274206258007325;6.622337688240805;4.635358239915149;8.132490358517316;6.886627098290774;6.408417241007555;5.635106615220138;4.363713261681369;3.3954503006939376;5.009844361820797;5.2396581372031505;5.606580785344704;8.132490358517316;4.43481972470363;5.208863630490669;5.041720086999703;3.2059679073493044;4.725990351882956;7.553826388391826;7.327353812230285;8.132490358517316;7.23222412452742;7.528129253500083;7.422937037970769;4.404292663028173;8.132490358517316;8.132490358517316;3.5858940395097534;2.410975491212639;6.383260006612545;7.38531313681051;8.132490358517316;3.726341265856945;3.726341265856945;5.626685289487568;2.861598044538596
S107A;0.5;3.9017938014657148;2.538570064780288;8.134004555160573;2.0969241871698614;8.134004555160573;2.918073933766209;8.134004555160573;6.192347781767239;7.469437107851263;7.07753824593965;7.043386651261244;7.3896231688631815;4.519645813890065;2.4026343762725446;8.134004555160573;8.134004555160573;8.134004555160573;3.0901101905819814;5.158483676745163;5.190408480533733;7.340277730385424;3.364729826358598;3.723324644515742;8.134004555160573;5.9712167514517205;8.134004555160573;8.134004555160573;3.048980680780005;6.74884194076003;8.134004555160573;3.1247570605682995;8.134004555160573;6.060684489508276;8.134004555160573;8.134004555160573;8.134004555160573;8.134004555160573;2.4537834986895177;3.8773855253757574;4.533311393244958;6.061704761727015;3.723324644515742;5.4854917461361765;5.977553204378637;3.3031000538812805;8.134004555160573;2.485530435826149;8.134004555160573;6.950382872513728;8.134004555160573;2.7991876509240683;3.2577408308673625;6.636793476849562;3.1904430563549795;7.672365479462314;7.6766044225314545;8.134004555160573;8.134004555160573;3.723324644515742;6.029425311615341;8.134004555160573;6.803258970117895;8.134004555160573;3.494078990441267;6.751256442106751;6.197612671909155;5.317434146017149;3.723324644515742;2.893147957240217;3.723324644515742;5.666973506437898;3.375405731048886;7.302424636338969;6.656923742470099;7.16978816777555;7.469175444319262;5.53932769988387;8.134004555160573;8.134004555160573;5.869182886250201;8.134004555160573;2.8727921846930258;5.620437124009186;5.55188063566311;5.973631476757873;8.134004555160573;5.414106849319069;3.723324644515742;8.134004555160573;3.723324644515742;2.9598901863068328;6.384601769630535;2.508637589538921;6.999697041683248;7.6197935549889735;8.134004555160573;2.398295488810618;6.502562372515968;6.526421029164339;6.214097274889355;8.134004555160573;8.134004555160573;2.5322102557311155;8.134004555160573;8.134004555160573;8.134004555160573;-0.956787495304642;5.661916589226166;4.766078508077044;7.423092891949636;6.85414867552754;8.134004555160573;3.4003562679481547;3.232386491521879;6.485305996873649;2.2702248149424804;6.528426106739971;8.134004555160573;8.134004555160573;7.87325851386413;8.134004555160573;7.972116733007169;6.973216614227567;4.876470448809414;5.687076368936687;5.632399425816857;4.423095200601892;5.408365193141435;2.085198455306454;6.09505210023417;6.361235327058239;8.134004555160573;5.468759859541024;8.134004555160573;2.782954402229734;8.134004555160573;8.134004555160573;7.280419818039263;8.134004555160573;4.449658788591478;4.762182179511001;5.481925260357457;6.855798384087393;3.0752365704142903;3.723324644515742;4.7689401030111185;2.5167455899554625;8.134004555160573;4.510462510687262;7.017655709023529;6.137383557135763;4.88867845387972;6.723102490665042;6.618343521593488;4.635547505640716;8.134004555160573;6.8704938747687265;6.397505002176331;5.616287035842106;4.352479534949907;3.392660446978539;4.999870435687626;5.2129394498806505;5.620855115150334;8.134004555160573;4.444080821509488;5.219133249825973;5.033010254886904;3.2025232662181224;4.733113782504006;7.554529840692339;7.341192562627839;8.134004555160573;7.231822167676;7.540694230003282;7.440140748507474;4.395835327721215;8.134004555160573;8.134004555160573;3.5921867182772758;2.4073718314084545;6.368168433713436;7.372116648881274;8.134004555160573;3.723324644515742;3.723324644515742;5.611901641657823;2.8586243818481307
T109A;1.3;3.90725335352181;2.5366603775764816;8.135635041586283;2.0949189267121255;8.135635041586283;2.916393290332053;8.135635041586283;6.185809988948677;7.46438247806509;7.049980986754235;7.028543152628117;7.383019239357964;4.519760988463531;2.4002577367355116;8.135635041586283;8.135635041586283;8.135635041586283;3.088383088237606;5.113300656181309;5.1525490290569;7.3274150881916285;3.36301150417421;3.7219475688179955;8.135635041586283;5.94008611481695;8.135635041586283;8.135635041586283;3.047210131539032;6.739532686944585;8.135635041586283;3.123104168102145;8.135635041586283;6.0715331367828185;8.135635041586283;8.135635041586283;8.135635041586283;8.135635041586283;2.4518695031874813;3.8806500911232433;4.520661977443524;6.036928586108843;3.7219475688179955;5.50905761460308;5.986737140505284;3.301404530822765;8.135635041586283;2.4835451774997637;8.135635041586283;6.915354537079111;8.135635041586283;2.7973700118018314;3.254709911008831;6.64405861562409;3.187950689010904;7.661145511621726;7.6757520563496655;8.135635041586283;8.135635041586283;3.7219475688179955;6.036914748896379;8.135635041586283;6.765815926191863;8.135635041586283;3.492592787137255;6.758786125750703;6.182817698514555;5.3160570394256865;3.7219475688179955;2.891325612377841;3.7219475688179955;5.654499746113288;3.3738668175647035;7.297051802209012;6.675305660493905;7.105500221303373;7.477708938415162;5.553052520121128;8.135635041586283;8.135635041586283;5.865993813888053;8.135635041586283;2.870686054782709;5.637133384705521;5.543018223019317;5.789507650486485;8.135635041586283;5.276349654355727;3.7219475688179955;8.135635041586283;3.7219475688179955;2.9550507931398897;6.3373819804292;2.506417594035156;7.003086765194894;7.6121499104219765;8.135635041586283;2.3965437962906435;6.516551959204662;6.525942062144168;6.218446468003094;8.135635041586283;8.135635041586283;2.5303430516214576;8.135635041586283;8.135635041586283;8.135635041586283;6.005708168784622;5.596379492388223;3.375790660880739;7.399236265518994;6.846884201208013;8.135635041586283;3.398619415704161;3.2307412637164816;6.474292230734136;2.268879499461036;6.540946997204628;8.135635041586283;8.135635041586283;7.87536358422949;8.135635041586283;7.973007386631252;6.975065515325696;4.886019895278878;5.6986634949207655;5.593965523503357;4.42255294485949;5.382476428643713;2.0831658719398547;6.088304186901951;6.385694125070586;8.135635041586283;5.436358810671663;8.135635041586283;2.781256740272511;8.135635041586283;8.135635041586283;7.306592851994537;8.135635041586283;4.447885507202955;4.778558362646436;5.4577350198087515;6.852801784625626;3.067635549214174;3.7219475688179955;4.763976614907733;2.5149623357283417;8.135635041586283;4.5128400737958145;7.0129514400614426;6.09485117366421;4.878795005584834;6.733381034937338;6.622508754226146;4.615437931264751;8.135635041586283;6.880701499481802;6.3846124204137595;5.635843019823369;4.373170425315038;3.3924059066484915;5.008550450438634;5.22248222597409;5.602267852751538;8.135635041586283;4.450213189993519;5.203077954087348;5.046506419865182;3.200649473350495;4.734775911070756;7.55727682572433;7.382279257202754;8.135635041586283;7.188250178674934;7.529987038695253;7.482825507273446;4.393007578790275;8.135635041586283;8.135635041586283;3.5906823831006704;2.4054355967382435;6.35364965070039;7.393369279334365;8.135635041586283;3.7219475688179955;3.7219475688179955;5.601993742227933;2.856439381605014
E113A;1.3;3.8918761761306087;2.5325203784159385;8.135129854648767;2.0906756934709847;8.135129854648767;2.912396203901153;8.135129854648767;6.192297253945071;7.4761010606598575;7.0680676634729025;7.001067065415555;7.38533035346336;4.513233781835879;2.3957401093211956;8.135129854648767;8.135129854648767;8.135129854648767;3.084105901303701;5.151045215296108;5.146937579576843;7.348894075723365;3.3589296503923833;3.7180562611902133;8.135129854648767;5.900379530285136;8.135129854648767;8.135129854648767;3.0430966559797525;6.730182713770773;8.135129854648767;3.1190232972148806;8.135129854648767;6.076202712501981;8.135129854648767;8.135129854648767;8.135129854648767;8.135129854648767;2.4475613157846965;3.8901057470575324;4.529588170673378;6.027905738825211;3.7180562611902133;5.4713173027848825;5.984886274956807;3.297328440414276;8.135129854648767;2.4793319397140294;8.135129854648767;6.933924489188939;8.135129854648767;2.7931328320410103;3.249980767199304;6.634661163625424;3.1828198777657235;7.642965146122151;7.675603974255864;8.135129854648767;8.135129854648767;3.7180562611902133;6.008744650112931;8.135129854648767;6.831501722510438;8.135129854648767;3.4886199239408597;6.764906906466422;6.141463478619698;5.293401211617493;3.7180562611902133;2.887118867074605;3.7180562611902133;5.651503831653827;3.3696542569668964;7.299093371945332;6.663305431400659;7.144758093221753;7.464349456713535;5.555556576207891;8.135129854648767;8.135129854648767;5.848111807179521;8.135129854648767;2.8664859452692326;5.577032362692989;5.537222367478535;5.9702917159957;8.135129854648767;5.407690416956029;3.7180562611902133;8.135129854648767;3.7180562611902133;2.9589352602033614;6.338162800693681;2.5021148630185053;6.988376608132967;7.615951241578841;8.135129854648767;2.392431264859624;6.516980991807941;6.528724099160172;6.232905428623781;8.135129854648767;8.135129854648767;2.526045533566503;8.135129854648767;8.135129854648767;8.135129854648767;5.987386129854713;5.563699115024065;4.767929635163455;7.404437313503877;6.768328526915866;8.135129854648767;5.032884998363443;3.225520169333322;6.461356293817516;2.2637342541711405;6.606114126011562;8.135129854648767;8.135129854648767;7.8752145070175175;8.135129854648767;7.973844292698232;6.984849651875265;4.86887761201433;5.691381839475071;5.613668183656046;4.404117566300556;5.368157815308223;2.0789610331703443;6.092738709143305;6.379120287645492;8.135129854648767;5.455371440191811;8.135129854648767;2.7771360230981372;8.135129854648767;8.135129854648767;7.2851926457378795;8.135129854648767;4.444342990356745;4.77809602367779;5.4637968960014405;6.8496797906555;3.067935036156996;3.7180562611902133;4.758606946779764;2.5108237942040432;8.135129854648767;4.505743192748923;7.001220683509018;6.151653751003323;4.922866269334918;6.72545608576911;6.61331143125426;4.642865020199679;8.135129854648767;6.859540167453815;6.393852467022953;5.613344403107476;4.359238225806621;3.3867968431441113;5.020361009519547;5.197112902184017;5.597224935190752;8.135129854648767;4.416994742357929;5.212668839689286;5.008625011978438;3.1965013151057065;4.716608328730217;7.554222604912866;7.336867908859858;8.135129854648767;7.213444834778784;7.4807488188380376;7.401249434429701;4.3901505244393775;8.135129854648767;8.135129854648767;3.581061063273978;2.4012313050043304;6.378166262060404;7.3904233172052045;8.135129854648767;3.7180562611902133;3.7180562611902133;5.605837762650481;2.852239767438732
D90A;1.4;3.89724689428931;2.536207396791724;8.1331318294815;2.0944273221175536;8.1331318294815;2.915891633623687;8.1331318294815;6.191399128887497;7.478986218513455;7.055539574634167;7.024696228050743;7.3776892759269685;4.520797657528419;2.3997945204828284;8.1331318294815;8.1331318294815;8.1331318294815;3.087806850169727;5.147682449978674;5.161625134735004;7.3328661474370165;3.3624239038545056;3.7213223122162162;8.1331318294815;5.920810705050826;8.1331318294815;8.1331318294815;3.046671181531565;6.726595221014577;8.1331318294815;3.1224917134604766;8.1331318294815;6.067274063534569;8.1331318294815;8.1331318294815;8.1331318294815;8.1331318294815;2.4513277231235406;3.8916779890865882;4.5344975433963555;6.035559625772294;3.7213223122162162;5.480652892972103;5.979853785072919;3.300851229367254;8.1331318294815;2.483041552673967;8.1331318294815;6.932085179549176;8.1331318294815;2.796799483789073;3.2545496102320612;6.629868116389844;3.1872512421850843;7.643433413832099;7.673016320748502;8.1331318294815;8.1331318294815;3.7213223122162162;6.035592147425632;8.1331318294815;6.803900649465504;8.1331318294815;3.4919909843811183;6.756973170196943;6.176853326105629;5.304101743434813;3.7213223122162162;2.8907836789949215;3.7213223122162162;5.65158911046376;3.373236275241652;7.298810509299642;6.654405197448796;7.152740758727305;7.4721952552572475;5.532656854240486;8.1331318294815;8.1331318294815;5.854964409110835;8.1331318294815;2.870236620241485;5.6059625766429235;5.539902425414766;5.94469411343016;8.1331318294815;5.398437058487616;3.7213223122162162;8.1331318294815;-0.5181810986938782;2.9549416469653806;6.337026587076252;2.5059611426768242;6.989514924789546;7.609755932079679;8.1331318294815;2.396070427923405;6.508593321304943;6.522165788235725;6.229723834250763;8.1331318294815;8.1331318294815;2.5298043189613963;8.1331318294815;8.1331318294815;8.1331318294815;5.98528282874031;5.596661272793426;4.770459886478875;7.415123930572008;6.832106046924309;8.1331318294815;3.398022127301374;3.2293996388434607;6.470353801487363;2.267570776917637;6.531002384607746;8.1331318294815;8.1331318294815;7.872746147229918;8.1331318294815;7.971522867716885;6.973099210496002;4.870557179252501;5.698901758973079;5.61683021307411;4.414837151766733;5.390786808888151;2.082735825671989;6.084777582755123;6.373351954083773;8.1331318294815;5.449389968453033;8.1331318294815;2.7807067022877163;8.1331318294815;8.1331318294815;7.281929524194311;8.1331318294815;4.449384231988915;4.779249567401166;5.470128528659188;6.85381286246411;3.0682365696147826;3.7213223122162162;4.766373106928768;2.514474801129836;8.1331318294815;4.513704409099773;6.998774164509086;6.117341565339302;4.88999295779945;6.723642627403024;6.604086859806557;4.639335452560772;8.1331318294815;6.88014109073265;6.4022637318921625;5.620819224110164;4.3593027051024364;3.3907850862797204;4.996578152355392;5.216363543650004;5.61451989026682;8.1331318294815;4.435116453590126;5.21782047826855;5.032540458942094;3.2001350967548206;4.725481605541972;7.554628599127682;7.351543567536282;8.1331318294815;7.2232864153629635;7.5368325515592005;7.408687966710204;4.399556888794905;8.1331318294815;8.1331318294815;3.589809168700981;2.4049488155797007;6.364866122283274;7.382645230985872;8.1331318294815;3.7213223122162162;3.7213223122162162;5.611668559801728;2.8560002073281794
H137A;0.4;3.9054479791417407;2.545180327273499;8.131073163493056;2.10395342667465;8.131073163493056;2.9243548255907967;8.131073163493056;6.1968597491504624;7.478516473187483;7.059093794430737;7.028257356654649;7.375035572913475;4.5295146119563015;2.4093641123180873;8.131073163493056;8.131073163493056;8.131073163493056;3.096425570387453;5.151802513248185;5.166948970343583;7.333038529279293;3.3706318755429834;3.7285617119195535;8.131073163493056;5.922632509107643;8.131073163493056;8.131073163493056;3.0550506855506114;6.726542156240612;8.131073163493056;3.130689719997406;8.131073163493056;6.066747857905284;8.131073163493056;8.131073163493056;8.131073163493056;8.131073163493056;2.460782043213783;3.899704380321964;4.542826450909388;6.0386673772882205;3.7285617119195535;5.487946455307338;5.9820968667190755;3.30915826915583;8.131073163493056;2.4923243910452015;8.131073163493056;6.9304966389536276;8.131073163493056;2.805763209485974;3.263357588977499;6.6296111000701785;3.196293678280142;7.642800914305553;7.671184462882593;8.131073163493056;8.131073163493056;3.7285617119195535;6.037036470781459;8.131073163493056;6.8039903636599774;8.131073163493056;3.49962061022228;6.753786484072407;6.175767957472999;5.310777733883242;3.7285617119195535;2.89989020857314;3.7285617119195535;5.658640146002654;3.3811617416358217;7.297134795208535;6.654805904530804;7.156899567331493;7.473912035711692;5.531863488580711;8.131073163493056;8.131073163493056;5.854772215519915;8.131073163493056;2.8793518390884287;5.609160299893119;5.545458458287612;5.945583506530966;8.131073163493056;5.402258893544058;3.7285617119195535;8.131073163493056;3.7285617119195535;2.9641178751779194;6.341770677912791;2.515183177762026;6.992820143826975;7.609132893735477;8.131073163493056;2.4052414162578657;6.5070808496602695;6.520789200301806;6.233168363256482;8.131073163493056;8.131073163493056;2.5392929328226614;8.131073163493056;8.131073163493056;8.131073163493056;5.991441209687764;5.6008002817852685;4.777247811660345;7.415708372194786;6.833684734385315;8.131073163493056;3.4063717635144144;3.2378237757604893;6.469582642916066;2.277046191641972;6.531426402228135;8.131073163493056;8.131073163493056;7.870391915952496;8.131073163493056;7.969160258399825;6.97087572345481;4.876622879592105;5.702092691703001;5.6232819975771235;4.4229490773027464;5.397401762083973;2.0924873556213583;6.089978720471663;6.373074336406717;8.131073163493056;5.453911930811955;8.131073163493056;2.789439417727351;8.131073163493056;-0.4172366654931636;7.281261891396753;8.131073163493056;4.459284728339981;4.786409288332834;5.4762112651333155;6.855082525868056;3.076968364589561;3.7285617119195535;4.773699729803411;2.523480043237157;8.131073163493056;4.522477294696273;7.002376987093157;6.1228809907388495;4.896950862381345;6.722333277706639;6.602933432681311;4.644604817181971;8.131073163493056;6.881604568927287;6.406181045411358;5.6250018473183445;4.367783653083052;3.3992601570691363;5.003295820737549;5.222225337281998;5.617879201843607;8.131073163493056;4.4433025379685205;5.222954883009152;5.037481692925212;3.209045580137115;4.734437831840069;7.553281885955585;7.35289373518026;8.131073163493056;7.2268190069444245;7.537227303102554;7.409501230462411;4.406888424382487;8.131073163493056;8.131073163493056;3.5991106525000305;2.414347164129083;6.3699958125034755;7.3862530027709;8.131073163493056;3.7285617119195535;3.7285617119195535;5.617186765090082;2.8646667865832
L85A;1.9;3.908349651129811;2.542236810035547;8.131638689066676;2.1009864234458746;8.131638689066676;2.9216716959583664;8.131638689066676;6.188581351421817;7.486794513955829;7.063376151752891;7.011643769896182;7.377729537962296;4.528919597964432;2.4062096821819523;8.131638689066676;8.131638689066676;8.131638689066676;3.0937818553159104;5.069061613592567;5.15239897392712;7.349752934082062;3.367862056484455;3.726338669783445;8.131638689066676;5.91792682511732;8.131638689066676;8.131638689066676;3.052383055454129;6.752203817959526;8.131638689066676;3.1281871413905264;8.131638689066676;6.06706615020812;8.131638689066676;8.131638689066676;8.131638689066676;8.131638689066676;2.45778730751249;3.8998246866794943;4.538136769425819;6.029619465909491;3.726338669783445;5.4860351336647;5.980105812421243;3.3065071177645677;8.131638689066676;2.489346650671223;8.131638689066676;6.9210460444155615;8.131638689066676;2.8029717796109708;3.2636265124413057;6.613752743040095;3.1960044876713027;7.648685368534643;7.672902558168062;8.131638689066676;8.131638689066676;3.726338669783445;6.044064763817005;8.131638689066676;6.775062877568416;8.131638689066676;3.497257147342907;6.745961338341658;6.166402856004424;5.300291063652367;3.726338669783445;2.8970301802712584;3.726338669783445;5.6688341936733195;3.3788093148125427;7.297819896823626;6.649553857394494;7.144092274931609;7.489059214174631;5.511693243552145;8.131638689066676;8.131638689066676;5.850699488306418;8.131638689066676;2.8763486150221524;5.585950007662177;5.525364325119881;-1.3541578667537806;8.131638689066676;5.435422137503338;3.726338669783445;8.131638689066676;3.726338669783445;2.957978101352637;6.309455010956299;2.5121399531001316;7.010788543193485;7.601873424401674;8.131638689066676;2.4023377640498893;6.52231007147202;6.5124785957159474;6.226532821478031;8.131638689066676;8.131638689066676;2.536382847678624;8.131638689066676;8.131638689066676;8.131638689066676;6.017226166710316;5.602388582650747;4.730093270001817;7.3992434539759415;6.867830845498247;8.131638689066676;3.4038308475958274;3.235747121858367;6.461614110696246;2.2746937677820824;6.524865820084415;8.131638689066676;8.131638689066676;7.871848644746933;8.131638689066676;7.969163093811403;6.96946610284067;4.905783255482675;5.7167005853843875;5.602918345030048;4.434424044597563;5.4085317577155365;2.089400272156354;6.1031084534588445;6.388902050326578;8.131638689066676;5.41653808249248;8.131638689066676;2.786724685409581;8.131638689066676;8.131638689066676;7.28758574774929;8.131638689066676;4.4635998983276295;4.783645395795247;5.472254938264086;6.852586458422593;3.0700066738017995;3.726338669783445;4.7690882221832;2.520600414640512;8.131638689066676;4.521940631570942;7.015465361888346;6.102851271163672;4.88855217656419;6.728851977779414;6.624424641078804;4.625373472474166;8.131638689066676;6.8906442986481125;6.395585221805959;5.636327655010973;4.367537368789272;3.398404950064105;4.994165978638193;5.232619107544451;5.595651429015561;8.131638689066676;4.456318734684601;5.204160395805957;5.052675527203974;3.2061838572938086;4.730343884317335;7.5504360591130535;7.3402211694046855;8.131638689066676;7.203841671769624;7.558135093029705;7.440376186970752;4.4037904224078375;8.131638689066676;8.131638689066676;3.594508583447009;2.4113718159881046;6.379371386632556;7.393670110313906;8.131638689066676;3.726338669783445;3.726338669783445;5.603999713737721;2.8617923153890388
S110A;0.4;3.8964318573853234;2.540307826071512;8.133609627124315;2.098979465197772;8.133609627124315;2.9199904905981384;8.133609627124315;6.182233300713051;7.447889510571258;7.045087192331266;7.011938090217882;7.370541396616318;4.548478797121788;2.4037886579171754;8.133609627124315;8.133609627124315;8.133609627124315;3.0916003367165104;5.1484255369086895;5.162947974944473;7.321412493940443;3.3662635874934494;3.7248420565156266;8.133609627124315;5.925616372856894;8.133609627124315;8.133609627124315;3.0506120580248535;6.693894691008609;8.133609627124315;3.126458208542317;8.133609627124315;6.127908834503614;8.133609627124315;8.133609627124315;8.133609627124315;8.133609627124315;2.4555542627931572;3.900040607150004;4.542595167524269;5.989623323926935;3.7248420565156266;5.49465747771319;5.9458740943155135;3.30485042714281;8.133609627124315;2.4873524683061987;8.133609627124315;6.968850000179373;8.133609627124315;2.8008321474771947;3.2539888119208626;6.6391588052065345;3.1891222605627263;7.719482561646146;7.675361052033622;8.133609627124315;8.133609627124315;3.7248420565156266;5.993576877575833;8.133609627124315;6.8238756190403365;8.133609627124315;3.495604757568799;6.740129324783993;6.1639400972635485;5.275780866039895;3.7248420565156266;2.89500187052181;3.7248420565156266;5.670780669152009;3.376549940672703;7.309978527530461;6.611629226739751;7.149035209840804;7.446498616482131;5.544603355901927;8.133609627124315;8.133609627124315;5.874621348964865;8.133609627124315;2.8741561927308794;5.661661432706751;5.542769925785251;5.913657960198179;8.133609627124315;5.414374842708639;3.7248420565156266;8.133609627124315;3.7248420565156266;2.952507793334007;6.379622609401849;2.5102401132462546;6.975820090519846;7.612843191603133;8.133609627124315;2.400076311896555;6.514683230307128;6.54224195482675;6.249469022499397;8.133609627124315;8.133609627124315;2.5339690698019695;8.133609627124315;8.133609627124315;8.133609627124315;6.002173434535507;5.530536362857674;4.749320728857128;6.151575658070215;6.7810507760586916;8.133609627124315;3.4017976952018216;3.2308836045849603;6.469392874016194;2.2713918214431033;6.537102522092937;8.133609627124315;8.133609627124315;7.874190324364463;8.133609627124315;7.9726694185601445;6.989531339560926;4.882319097134314;5.680054529941117;5.606616705283159;4.396080299047753;5.3668023912505305;2.087064716994064;6.095637705839181;6.390095848983037;8.133609627124315;5.44319148761133;8.133609627124315;2.7846444669994526;8.133609627124315;8.133609627124315;7.3011327536087265;8.133609627124315;4.455119108943109;4.757458162399416;5.459683957582456;6.837841450222186;3.0940048517477408;3.7248420565156266;4.794226728598005;2.5184605501417536;8.133609627124315;4.50836889702623;6.999830226006452;6.113048524799524;4.891407466348028;6.73834791862464;6.6174462486524135;4.613426486845128;8.133609627124315;6.886296467389911;6.410406234484981;5.630082466181193;4.390114499386982;3.3933563268510625;5.0126812742091715;5.1691663704114035;5.643622512696311;8.133609627124315;4.455445348525245;5.208572510477097;5.0614053430908825;3.2042147158645093;4.747485127285472;7.558631045116272;7.336930952878902;8.133609627124315;7.291957283596275;7.532766735297628;7.420513059108998;4.380663372339768;8.133609627124315;8.133609627124315;3.583547110143286;2.4090487456705887;6.4148399024270475;7.388686555901586;8.133609627124315;3.7248420565156266;3.7248420565156266;5.635493535377464;2.859823794220574
V120A;0.7;3.9054072727606126;2.5451568850793365;8.130680201777068;2.1039288831042313;8.130680201777068;2.92433015393442;8.130680201777068;6.19657843539062;7.478550118976273;7.060132244030683;7.0273889336167485;7.374691748649639;4.529466466706253;2.409341452667718;8.130680201777068;8.130680201777068;8.130680201777068;3.0964029527630146;5.151116465147425;5.166501255784169;7.333328869528486;3.3706098521023478;3.728540787614179;8.130680201777068;5.923401197978819;8.130680201777068;8.130680201777068;3.0550279611151154;6.72692445856228;8.130680201777068;3.130668384804153;8.130680201777068;6.066676161150099;8.130680201777068;8.130680201777068;8.130680201777068;8.130680201777068;2.4607581570406865;3.8995354983781;4.542757414081279;6.037956086009217;3.728540787614179;5.487823865924838;5.980946277064504;3.309136110673421;8.130680201777068;2.4923015631164844;8.130680201777068;6.930383859726135;8.130680201777068;2.8057410313875835;3.2633367946913268;6.629808504061657;3.1962633128800917;7.641063310773461;7.6707895779054525;8.130680201777068;8.130680201777068;3.728540787614179;6.037395805760752;8.130680201777068;6.8042254596803105;8.130680201777068;3.49959971292526;6.753423442105486;6.175779906785465;5.310644071538263;3.728540787614179;2.8998668726661663;3.728540787614179;5.658472154561423;3.3811409410799342;7.296769338344006;6.65498486677825;7.158062895625335;7.474730032437947;5.531926245839713;8.130680201777068;8.130680201777068;5.854899221973028;8.130680201777068;2.8793299609632186;5.610284689035325;5.5450136722611205;5.946107944117102;8.130680201777068;5.401598047657899;3.728540787614179;8.130680201777068;3.728540787614179;2.964078863778923;6.341313760614867;2.5151599271001714;6.993555539360386;7.60921586085442;8.130680201777068;2.4052191804174754;6.506918853447132;6.5206544929678785;6.232599351948011;8.130680201777068;8.130680201777068;2.5392691835248797;8.130680201777068;8.130680201777068;8.130680201777068;5.9910407099014265;5.602001602728706;4.776986917620889;7.415978975252074;6.834287534649775;8.130680201777068;3.4063499843713316;3.237795083611786;6.469726749724941;2.27702155008069;6.531735688816298;8.130680201777068;8.130680201777068;-0.457194945058518;8.130680201777068;7.968768208979782;6.970595070328272;4.8779715597993345;5.701284557580948;5.623136026386419;4.422880777687624;5.397102409149738;2.0924629080062687;6.089621253622681;6.3732817654672544;8.130680201777068;5.453369605293119;8.130680201777068;2.7894167416624214;8.130680201777068;8.130680201777068;7.279193248004049;8.130680201777068;4.459240310759014;4.786174869774186;5.475886194033592;6.853769778499554;3.076893802439372;3.728540787614179;4.77339622011641;2.5234587127878285;8.130680201777068;4.522419266902261;7.001705111251795;6.122487004191498;4.896769339370621;6.722219703675364;6.602830632735277;4.644242636739364;8.130680201777068;6.88201274680614;6.405487841977447;5.624410055763292;4.367640881653642;3.3992343799488935;5.003146635113808;5.221804014590816;5.616992070383276;8.130680201777068;4.444971175047613;5.222133558607311;5.038917651016163;3.20902207926963;4.7343844590291155;7.552897000537996;7.353334390150849;8.130680201777068;7.225970605621114;7.53736501372623;7.410127972363625;4.406675819940574;8.130680201777068;8.130680201777068;3.599065699091966;2.414323798565306;6.371377089733869;7.385503650233659;8.130680201777068;3.728540787614179;3.728540787614179;5.616894797354689;2.864645342949075
E133A;1.0;3.90237117474868;2.539494793528007;8.133397551469898;2.097849053753322;8.133397551469898;2.919203966987567;8.133397551469898;6.2068148715461575;7.477820059561054;7.056766553396301;7.038289814860036;7.371244244663103;4.512313084934249;2.4033240382711085;8.133397551469898;8.133397551469898;8.133397551469898;3.0912716200843136;5.138089049449263;5.168439432707601;7.340156009333441;3.365588057277506;3.724346502757413;8.133397551469898;5.93694677768508;8.133397551469898;8.133397551469898;3.049980060154354;6.734481301886262;8.133397551469898;3.12568359468483;8.133397551469898;6.056632826002897;8.133397551469898;8.133397551469898;8.133397551469898;8.133397551469898;2.45487890487189;3.9059648994243616;4.542280427861442;6.031751224418258;3.724346502757413;5.486774704422714;6.000364921092114;3.304147139788853;8.133397551469898;2.4864603231696094;8.133397551469898;6.919558919762494;8.133397551469898;2.80027122092784;3.2591228405191828;6.637940894681378;3.1908602295034143;7.640258337734849;7.672735774069224;8.133397551469898;8.133397551469898;3.724346502757413;6.0254306833667215;8.133397551469898;6.798678241990274;8.133397551469898;3.4951169805869142;6.753129814665954;6.179200928876526;5.29335566015925;3.724346502757413;2.89423140850036;3.724346502757413;5.668782002128864;3.376499168415336;7.296204080998564;6.6574837941880105;7.162540807665209;7.502344088017708;5.517804287552281;8.133397551469898;8.133397551469898;5.840705247275764;8.133397551469898;2.8735304193548075;5.591898746424704;5.554679822838807;5.9098499933534185;8.133397551469898;5.406350442179246;3.724346502757413;8.133397551469898;3.724346502757413;2.950524011473931;6.3060825634420326;2.5093510696466694;6.973396425019018;7.625002970601599;8.133397551469898;2.399571620466901;6.510769813925435;6.517041015526047;6.210954207286704;8.133397551469898;8.133397551469898;2.5333112917584515;8.133397551469898;8.133397551469898;8.133397551469898;6.005655315930198;5.587210585908906;4.775440369043281;7.411799551460717;6.839415519250906;8.133397551469898;3.401303982668338;3.2322767220073274;6.477329086206737;2.2713417914244474;6.534134805549002;8.133397551469898;8.133397551469898;7.872507027524989;8.133397551469898;7.971514058598586;6.968438964577217;4.885432786153615;5.682089602130873;5.630683217672413;4.420420443752846;5.397809559961388;2.0862664368329717;6.073557815696404;6.36397909266816;8.133397551469898;-1.31134716492884;8.133397551469898;2.7843572691932934;8.133397551469898;8.133397551469898;7.303654793083297;8.133397551469898;4.454493696123336;4.79191194028499;5.479995261808654;6.748722921642184;3.0552274409742495;3.724346502757413;4.769907373247406;2.5178807431226744;8.133397551469898;4.5223725906637355;7.005443307061796;6.10433081939118;4.8989501133874;6.712306505738525;6.59114277176559;4.624187092671491;8.133397551469898;6.887559988506837;6.413982741491054;5.625428615941928;4.35204593689059;3.394597406482035;4.999951380773382;5.209042742208112;5.610080577353074;8.133397551469898;4.430189566948592;5.2296556192522985;5.017457944100897;3.2035221501288618;4.7352773005886775;7.553936025693474;7.375226413831115;8.133397551469898;7.226990208437201;7.541361347874044;7.419131768934676;4.4110694390765275;8.133397551469898;8.133397551469898;3.582752316916526;2.408427916220404;6.360280579283426;7.4001627061788895;8.133397551469898;3.724346502757413;3.724346502757413;5.613298285734345;2.859263751962004
D90N;1.7;3.89724689428931;2.536207396791724;8.1331318294815;2.0944273221175536;8.1331318294815;2.915891633623687;8.1331318294815;6.191399128887497;7.478986218513455;7.055539574634167;7.024696228050743;7.3776892759269685;4.520797657528419;2.3997945204828284;8.1331318294815;8.1331318294815;8.1331318294815;3.087806850169727;5.147682449978674;5.161625134735004;7.3328661474370165;3.3624239038545056;3.7213223122162162;8.1331318294815;5.920810705050826;8.1331318294815;8.1331318294815;3.046671181531565;6.726595221014577;8.1331318294815;3.1224917134604766;8.1331318294815;6.067274063534569;8.1331318294815;8.1331318294815;8.1331318294815;8.1331318294815;2.4513277231235406;3.8916779890865882;4.5344975433963555;6.035559625772294;3.7213223122162162;5.480652892972103;5.979853785072919;3.300851229367254;8.1331318294815;2.483041552673967;8.1331318294815;6.932085179549176;8.1331318294815;2.796799483789073;3.2545496102320612;6.629868116389844;3.1872512421850843;7.643433413832099;7.673016320748502;8.1331318294815;8.1331318294815;3.7213223122162162;6.035592147425632;8.1331318294815;6.803900649465504;8.1331318294815;3.4919909843811183;6.756973170196943;6.176853326105629;5.304101743434813;3.7213223122162162;2.8907836789949215;3.7213223122162162;5.65158911046376;3.373236275241652;7.298810509299642;6.654405197448796;7.152740758727305;7.4721952552572475;5.532656854240486;8.1331318294815;8.1331318294815;5.854964409110835;8.1331318294815;2.870236620241485;5.6059625766429235;5.539902425414766;5.94469411343016;8.1331318294815;5.398437058487616;3.7213223122162162;8.1331318294815;-0.5181810986938782;2.9549416469653806;6.337026587076252;2.5059611426768242;6.989514924789546;7.609755932079679;8.1331318294815;2.396070427923405;6.508593321304943;6.522165788235725;6.229723834250763;8.1331318294815;8.1331318294815;2.5298043189613963;8.1331318294815;8.1331318294815;8.1331318294815;5.98528282874031;5.596661272793426;4.770459886478875;7.415123930572008;6.832106046924309;8.1331318294815;3.398022127301374;3.2293996388434607;6.470353801487363;2.267570776917637;6.531002384607746;8.1331318294815;8.1331318294815;7.872746147229918;8.1331318294815;7.971522867716885;6.973099210496002;4.870557179252501;5.698901758973079;5.61683021307411;4.414837151766733;5.390786808888151;2.082735825671989;6.084777582755123;6.373351954083773;8.1331318294815;5.449389968453033;8.1331318294815;2.7807067022877163;8.1331318294815;8.1331318294815;7.281929524194311;8.1331318294815;4.449384231988915;4.779249567401166;5.470128528659188;6.85381286246411;3.0682365696147826;3.7213223122162162;4.766373106928768;2.514474801129836;8.1331318294815;4.513704409099773;6.998774164509086;6.117341565339302;4.88999295779945;6.723642627403024;6.604086859806557;4.639335452560772;8.1331318294815;6.88014109073265;6.4022637318921625;5.620819224110164;4.3593027051024364;3.3907850862797204;4.996578152355392;5.216363543650004;5.61451989026682;8.1331318294815;4.435116453590126;5.21782047826855;5.032540458942094;3.2001350967548206;4.725481605541972;7.554628599127682;7.351543567536282;8.1331318294815;7.2232864153629635;7.5368325515592005;7.408687966710204;4.399556888794905;8.1331318294815;8.1331318294815;3.589809168700981;2.4049488155797007;6.364866122283274;7.382645230985872;8.1331318294815;3.7213223122162162;3.7213223122162162;5.611668559801728;2.8560002073281794
I183A;0.5;3.89796438605984;2.5414218547561234;8.134097023297727;2.0997290645649684;8.134097023297727;2.9208131384843057;8.134097023297727;6.202319930618614;7.470622861474112;7.075618656253937;7.0242431288461376;7.379825659758353;4.536213502137571;2.405179915720879;8.134097023297727;8.134097023297727;8.134097023297727;3.09271012159698;5.154310008190805;5.167929689365337;7.3368254042070475;3.367229507017697;3.725823675111684;8.134097023297727;5.934889014410146;8.134097023297727;8.134097023297727;3.051628378398533;6.730515697403462;8.134097023297727;3.1273725064860685;8.134097023297727;6.06364835491695;8.134097023297727;8.134097023297727;8.134097023297727;8.134097023297727;2.456653340490817;3.8980871062740334;4.540715000504406;6.053383736823889;3.725823675111684;5.486806937532037;5.980377636751655;3.305821706894136;8.134097023297727;2.4882202208431465;8.134097023297727;6.937903908343287;8.134097023297727;2.8019353623425616;3.256932773194251;6.621597234196088;3.192920353461659;7.649714981089346;7.673071950872327;8.134097023297727;8.134097023297727;3.725823675111684;6.049606099833909;8.134097023297727;6.786285299182055;8.134097023297727;3.496658063555884;6.760152228134757;6.185250783513766;5.292425690903201;3.725823675111684;2.8958508245454198;3.725823675111684;5.639202380167262;3.3781150500912247;7.304144455240589;6.663087430591986;7.168386329045461;7.468857089414087;5.550641147452552;8.134097023297727;8.134097023297727;5.865353747947665;8.134097023297727;2.8756056307214806;5.594638467013283;5.559421437084893;5.955328888914664;8.134097023297727;5.403354297155602;3.725823675111684;8.134097023297727;3.725823675111684;2.9546341239256932;6.342896512998777;2.5112098397843567;7.020694849667052;7.604104077715419;8.134097023297727;2.4013400443986086;6.527606837007625;6.521467448110343;6.22975101605698;8.134097023297727;8.134097023297727;2.5352036793814534;8.134097023297727;8.134097023297727;8.134097023297727;5.97728672512676;5.597847027611351;4.7786904140230035;7.419005140880472;6.834271599898784;8.134097023297727;3.402961988064277;3.235735934977214;6.467689080382115;2.273178693192122;6.52226184972551;8.134097023297727;8.134097023297727;7.873016223762534;8.134097023297727;7.971998942238315;6.990055373658834;4.887284552980418;5.6886657640498015;5.637666720491325;4.421550532421634;5.393630588299402;2.0881173368292423;6.072994333843781;6.3695341524799005;8.134097023297727;5.468414313827452;8.134097023297727;2.78585206356766;8.134097023297727;8.134097023297727;7.293067224855804;8.134097023297727;4.446851576828237;4.78151292225175;5.473373070937669;6.848046405641071;3.0675795818355596;3.725823675111684;4.757076994441377;2.519667844728616;8.134097023297727;4.507480876504218;6.992893928569174;6.121416275009324;4.881003618547311;6.721568221975758;6.588085127346858;4.639811235110756;8.134097023297727;6.873372527585161;6.394994246926217;5.611148904263246;4.359322757311929;3.396713080802513;4.991067369213852;5.228452684130389;5.63439576699966;8.134097023297727;4.458467533388557;5.210084825703234;5.027065060598943;3.2052584131637616;4.73789130818318;7.557124731529257;7.336178511057369;8.134097023297727;7.245401778549422;7.548480496807315;7.405480186711429;4.410560515295401;8.134097023297727;8.134097023297727;3.6009160027434746;2.4103207955817254;6.380912640495808;-0.7261402523361724;8.134097023297727;3.725823675111684;3.725823675111684;5.5302320425062135;2.8612355758126853
M170A;0.8;3.8978939121316216;2.5366121122588083;8.135271088072841;2.09486373701111;8.135271088072841;2.9163014648456738;8.135271088072841;6.196517474891152;7.481150099076331;7.053628969413694;7.025507254256809;7.379097110948351;4.521742574509972;2.4002018436531216;8.135271088072841;8.135271088072841;8.135271088072841;3.08819223044884;5.156391947666634;5.16778495458675;7.327937209964148;3.3628205829390936;3.7216952816906996;8.135271088072841;5.9250458526512375;8.135271088072841;8.135271088072841;3.047066770037418;6.7267211019207025;8.135271088072841;3.1228825997186505;8.135271088072841;6.075289545333362;8.135271088072841;8.135271088072841;8.135271088072841;8.135271088072841;2.4517137422899395;3.893604607443649;4.535461461557134;6.027126996743391;3.7216952816906996;5.482546472348531;5.977102311560884;3.3012380066302285;8.135271088072841;2.483461619131049;8.135271088072841;6.9303579207044095;8.135271088072841;2.7971879709602945;3.2550499559274613;6.640952639863826;3.187683097802619;7.638740465758019;7.67506627516741;8.135271088072841;8.135271088072841;3.7216952816906996;6.043185675989662;8.135271088072841;6.806332948457566;8.135271088072841;3.492365144085852;6.758638898349091;6.173813645364135;5.306309463200705;3.7216952816906996;2.891196822931306;3.7216952816906996;5.653513567769551;3.373608647738365;7.300620013488356;6.6591071252769325;7.147239689922571;7.489093747506558;5.540685956180823;8.135271088072841;8.135271088072841;5.8539145822578575;8.135271088072841;2.8706358222789277;5.616216212321888;5.536300434032455;5.944944275011949;8.135271088072841;5.394053887051996;3.7216952816906996;8.135271088072841;3.7216952816906996;2.9554672496210515;6.344341522399191;2.5063486389208265;6.987878478648781;7.607500240122135;8.135271088072841;2.396483284081114;6.507950760285894;6.524902318575187;6.219853371123463;8.135271088072841;8.135271088072841;2.530190840110663;8.135271088072841;8.135271088072841;8.135271088072841;5.991296740168764;5.595890516960935;4.773440612245622;7.425618618268345;6.828010069519223;8.135271088072841;3.398406431902913;3.2298152354997;6.466978128315532;2.2679811503503515;6.526409690040055;8.135271088072841;8.135271088072841;7.8748542231624015;8.135271088072841;7.973647196290585;6.9738368573380285;4.862603168596252;5.712448292491899;5.619048873164502;4.404817713095326;5.395188202201098;2.0831549859522056;6.08079455267125;6.370528194674989;8.135271088072841;5.456527729977097;8.135271088072841;2.781091968945475;8.135271088072841;8.135271088072841;7.279877552588914;8.135271088072841;4.450419745163799;4.781330675935351;5.473428528566728;6.858177085436182;3.0691174701614727;3.7216952816906996;4.769166349386069;2.514896229180522;8.135271088072841;4.514642879367557;6.999963935049891;6.121949088577821;4.891898639323699;6.732652342761867;6.6148603218607605;4.6253877277010815;8.135271088072841;6.873265812966565;6.4070539960302995;5.620987117128607;4.361198179477611;3.3912059601698274;4.999587957115864;5.221810241298954;5.601181506881403;8.135271088072841;4.425558084790282;5.22473451730184;5.037931940270937;3.200538864135524;-0.88589301748911;7.556679273255213;7.340668246986752;8.135271088072841;7.233087198044814;7.542043984271004;7.415623126895298;4.40243259865656;8.135271088072841;8.135271088072841;3.5906310424358026;2.405345436922289;6.3722065476104035;7.390922935008348;8.135271088072841;3.7216952816906996;3.7216952816906996;5.615046654145772;2.8563709043755807
S110L;3.7;3.900923258734565;2.5427322648166637;8.13184928597002;2.1014546340148854;8.13184928597002;2.922160846151314;8.13184928597002;6.189416991514008;7.462785868650826;7.051912103994255;7.019887931222911;7.372292872685648;4.538983369543985;2.406564573145374;8.13184928597002;8.13184928597002;8.13184928597002;3.0940011415215167;5.149904473613788;5.164793081663447;7.326898819876078;3.3684359195459592;3.726690072245333;8.13184928597002;5.923821648451849;8.13184928597002;8.13184928597002;3.052819559844579;6.709843378637743;8.13184928597002;3.1285621524140197;8.13184928597002;6.097008623910369;8.13184928597002;8.13184928597002;8.13184928597002;8.13184928597002;2.4581563410748686;3.899856802836439;4.542687447597473;6.0138539411491365;3.726690072245333;5.491276087927872;5.963629693185794;3.306992536147959;8.13184928597002;2.4898266177907544;8.13184928597002;6.949253448823583;8.13184928597002;2.803285866538431;3.2586616410635543;6.634018949305755;3.1926946715227587;7.680828371136158;7.6727811755499715;8.13184928597002;8.13184928597002;3.726690072245333;6.014907599092112;8.13184928597002;6.813658525446954;8.13184928597002;3.49760087198149;6.746459141433661;6.169437283897423;5.293210253274083;3.726690072245333;2.8974342276043217;3.726690072245333;5.664667415680924;3.378844029182005;7.3030720760913255;6.6327632909451495;7.152753321792261;7.459880003145372;5.537848228053917;8.13184928597002;8.13184928597002;5.8643856698981836;8.13184928597002;2.876742204068364;5.63527828747101;5.543991928421747;5.929280973083223;8.13184928597002;5.408129522584204;3.726690072245333;8.13184928597002;3.726690072245333;2.9582919785893864;6.360634320666577;2.512699833517331;6.984086915188527;7.610628947443729;8.13184928597002;2.402647052104953;6.510453378425154;6.531095678990823;6.241182353405748;8.13184928597002;8.13184928597002;2.5366191894273697;8.13184928597002;8.13184928597002;8.13184928597002;5.9966532775215455;5.565506708404428;4.763222057210442;-0.7423679375814345;6.8069499840639764;8.13184928597002;3.4040729174440685;3.234341666751675;6.469121867594367;2.274207376530171;6.53391397638643;8.13184928597002;8.13184928597002;7.871801752582542;8.13184928597002;7.970424419262599;6.979751964121533;4.8793939790957666;5.69084433241369;5.614857028809638;4.4094910996082035;5.382064727764373;2.0897642244227654;6.092759926284998;6.381224137978279;8.13184928597002;5.448425696220511;8.13184928597002;2.787030130362041;8.13184928597002;8.13184928597002;7.290840591363121;8.13184928597002;4.457184631863129;4.771846108005775;5.467904583720156;6.846150135468633;3.085471546822646;3.726690072245333;4.783931409462639;2.5209584846735424;8.13184928597002;4.515396148708533;7.00097129317146;6.117868888635712;4.894139819470183;6.729930389512447;6.609841611912998;4.628857327505102;8.13184928597002;6.8836729770409875;6.4081769295626145;5.627416422139504;4.378937504096484;3.396295777397768;5.007966710005803;5.195566898599282;5.630635618515953;8.13184928597002;4.449343926146867;5.215536578656611;5.049342464470101;3.206618336057659;4.7409485710807076;7.555464094211857;7.344590087261167;8.13184928597002;7.259284758070862;7.534637839227798;7.414685859972451;4.3937188543904995;8.13184928597002;8.13184928597002;3.5912903984359446;2.4116861429639584;6.392337967119602;7.387342601787168;8.13184928597002;3.726690072245333;3.726690072245333;5.626306813223891;2.8622334784878376
V135A;0.5;3.8964260244829347;2.535361645649573;8.133695440350493;2.0935815709754024;8.133695440350493;2.915045882481536;8.133695440350493;6.190674990548359;7.479344165767543;7.055133418842161;7.024279279750772;7.378242641607358;4.51998557826937;2.398948770272;8.133695440350493;8.133695440350493;8.133695440350493;3.086961099027576;5.147203223912584;5.161038201133124;7.333125763776479;3.361578153643677;3.7204765620053877;8.133695440350493;5.920631404893356;8.133695440350493;8.133695440350493;3.0458254313207362;6.726712114192196;8.133695440350493;3.121645963249648;8.133695440350493;6.067657613064512;8.133695440350493;8.133695440350493;8.133695440350493;8.133695440350493;2.450481972912712;3.890912817611934;4.533654181923794;6.035030212158745;3.7204765620053877;5.479880247826259;5.979606956425414;3.3000054782251027;8.133695440350493;2.4821958024631385;8.133695440350493;6.932537258806406;8.133695440350493;2.7959537335782443;3.253707607374963;6.630009164699004;3.1864081678659204;7.643641288872459;7.673576644354398;8.133695440350493;8.133695440350493;3.7204765620053877;6.035444543755148;8.133695440350493;6.80415029694268;8.133695440350493;3.491145233238967;6.757521414840085;6.177255362126743;5.303368306422726;3.7204765620053877;2.889937928784093;3.7204765620053877;5.650811461779085;3.3723905250308235;7.299375599123437;6.65449810368591;7.152219034112932;7.4719941143121105;5.5330394415977935;8.133695440350493;8.133695440350493;5.85523272510909;8.133695440350493;2.8693908700306565;5.605685245820496;5.539206858120451;5.944773698363861;8.133695440350493;5.397967767828959;3.7204765620053877;8.133695440350493;3.7204765620053877;2.9541251860346165;6.336593052201351;2.5051153924659957;6.989388680449338;7.6101186098267135;8.133695440350493;2.3952246777125765;6.509027425017848;6.522506520384923;6.229360130266286;8.133695440350493;8.133695440350493;2.528958567819245;8.133695440350493;8.133695440350493;8.133695440350493;5.9846548089626594;5.596261810904252;4.769702501027496;7.4151775602731504;6.831883107195608;8.133695440350493;3.397176376159223;3.228558468009396;6.4706138326000655;2.2667261505066563;6.531075668038284;8.133695440350493;8.133695440350493;7.873308129841462;8.133695440350493;7.972084730115057;6.973610822438786;4.869974402408843;5.698689283461135;5.616023803636381;4.414033095898958;5.390098704188858;2.0818900754611604;6.084313623032358;6.373701149437693;8.133695440350493;5.449178267572279;8.133695440350493;-1.1508151475402713;8.133695440350493;8.133695440350493;7.282251292433102;8.133695440350493;4.448553426301714;4.778477450558057;5.4693738982205105;6.854147265803476;3.067426809274366;3.7204765620053877;4.76566455477132;2.5136290509190076;8.133695440350493;4.512872160581537;6.998319200669357;6.11671535372443;4.8892232693442566;6.724111790230381;6.604562023159815;4.638732440704189;8.133695440350493;6.8801485357107595;6.402030676872528;5.620331813333905;4.358520707471371;3.389941691383683;4.99583411385629;5.215750903615117;5.6141663939197315;8.133695440350493;4.434331996173995;5.2173441049671965;5.031930117889715;3.199289346543992;4.724644363207062;7.555183723232403;7.351510916676489;8.133695440350493;7.223138156674395;7.5370492953952635;7.408718280372341;4.398789437360392;8.133695440350493;8.133695440350493;3.5889863251946963;2.404103065368872;6.3643434427067405;7.382436164944011;8.133695440350493;3.7204765620053877;3.7204765620053877;5.610998591135285;2.855154457117351
F168A;0.9;3.9022875335422214;2.539529240091724;8.133573365264965;2.097838055500688;8.133573365264965;2.9191894748782943;8.133573365264965;6.187030725986915;7.46425078244647;7.051208139600931;7.036025070367032;7.372282673844893;4.519716909651834;2.403211401991939;8.133573365264965;8.133573365264965;8.133573365264965;3.091082993936652;5.162250742136166;5.178499758168982;7.332903181319125;3.365586400655957;3.724350358168522;8.133573365264965;5.9170906946092146;8.133573365264965;8.133573365264965;3.049914460787477;6.716705105412984;8.133573365264965;3.1256914873792994;8.133573365264965;6.06572473711276;8.133573365264965;8.133573365264965;8.133573365264965;8.133573365264965;2.4547351181809063;3.9043445454462926;4.541343833634528;6.037782540763146;3.724350358168522;5.475635021681228;5.9950469461255125;3.304100002960695;8.133573365264965;2.486373901292609;8.133573365264965;6.927659709530417;8.133573365264965;2.8000661629903334;3.2540655094535396;6.643342737792409;3.1883091925387816;7.645837217729422;7.672980003519115;8.133573365264965;8.133573365264965;3.724350358168522;6.059716488438426;8.133573365264965;6.826717816758901;8.133573365264965;3.4950996102252248;6.762441588451111;6.174503779679071;5.312479476798217;3.724350358168522;2.894084193145318;3.724350358168522;5.665862638827093;3.3764109197491052;7.2972029737908315;6.662900792085566;7.158880863011291;7.4777208074810915;5.548822233777173;8.133573365264965;8.133573365264965;5.8311132745147916;8.133573365264965;2.8734993753150775;5.584854257875122;5.546263521428045;5.962680962962622;8.133573365264965;5.3863411779821035;3.724350358168522;8.133573365264965;3.724350358168522;2.9603068358419478;6.325997167808964;2.5092895648394915;6.988264323343174;7.600616327373245;8.133573365264965;2.3994869331781956;6.511482794790936;6.509964139549993;6.240094444190618;8.133573365264965;8.133573365264965;2.533174599882841;8.133573365264965;8.133573365264965;8.133573365264965;5.986724178481381;5.585693791377707;4.79070864642199;7.429433559744211;6.839192206141888;8.133573365264965;3.401208154433334;3.2331707265730074;6.482766125845956;2.2711235234014566;6.515747560418276;8.133573365264965;8.133573365264965;7.874655265273759;8.133573365264965;7.971682891607088;6.959967464041256;4.894071804028499;5.686124911640945;5.616901524437708;4.4193571140604035;5.379364975367935;2.086131683039639;6.081470123943291;6.361564529113821;8.133573365264965;5.4342638805974275;8.133573365264965;2.783991778835116;8.133573365264965;8.133573365264965;7.299742453528779;8.133573365264965;4.441489107899542;4.770961816233466;5.482370563528093;6.845471946915495;3.0516346072945453;3.724350358168522;4.78463097319036;2.517960736016903;8.133573365264965;4.510109191128322;7.011149678757647;6.10610949882539;4.898962979485077;6.717884319616132;6.592733622761443;4.629016247483378;8.133573365264965;6.860887958566309;6.434768774532131;5.6183532235372695;4.361565511280787;3.3945407984529083;5.001746773788909;5.174014095508028;5.630684852178092;8.133573365264965;4.415748720905867;5.2213273653251235;-1.629616969612016;3.203403043486105;4.733519064627217;7.554575749394644;7.324881438631564;8.133573365264965;7.233214884618064;7.543245078064501;7.421843224301483;4.406455522515898;8.133573365264965;8.133573365264965;3.5925623583572133;2.408323303285215;6.367245330126025;7.375529824055775;8.133573365264965;3.724350358168522;3.724350358168522;5.606145445530274;2.8593274299473705
I108A;1.9;3.8926856699395103;2.53980498548799;8.133072596376223;2.0981679265710227;8.133072596376223;2.9193613028360232;8.133072596376223;6.180498487026853;7.467534942639759;7.062213560413511;7.005031991066062;7.380839864032168;4.530282699461168;2.4033703003983646;8.133072596376223;8.133072596376223;8.133072596376223;3.0913246207960583;5.148016382905553;5.178048532730827;7.346316930197645;3.3657274740139655;3.724407895616878;8.133072596376223;5.89514277096896;8.133072596376223;8.133072596376223;3.0500166677261404;6.706467890835484;8.133072596376223;3.1257753160639368;8.133072596376223;6.058566351421177;8.133072596376223;8.133072596376223;8.133072596376223;8.133072596376223;2.4551096312675327;3.91301256873885;4.531575435161358;6.047397003043443;3.724407895616878;5.476374463358297;6.003633477368567;3.304245518261723;8.133072596376223;2.4867565881318114;8.133072596376223;6.925699112311122;8.133072596376223;2.8004286964746825;3.25469442771373;6.631703705759719;3.192096083487286;7.657339986049919;7.672103176848395;8.133072596376223;8.133072596376223;3.724407895616878;6.049581759682042;8.133072596376223;6.818203432718292;8.133072596376223;3.495166601994697;6.754161453836787;6.1469976023363415;5.2827222237601745;3.724407895616878;2.894444053733878;3.724407895616878;5.65811859742098;3.376459609167341;7.305619858311388;6.679938772198511;7.165527643162932;7.465203219428076;5.520765214216226;8.133072596376223;8.133072596376223;5.84580311953323;8.133072596376223;2.873863445947336;5.5942178263067035;5.548082161923958;5.948511330374458;8.133072596376223;5.341344641907199;3.724407895616878;8.133072596376223;3.724407895616878;2.9615690334703686;6.30284566649425;2.5095675533261783;7.008708068970009;7.615509726357232;8.133072596376223;2.399927321038831;6.5105594714477775;6.506359711100231;6.238167874951614;8.133072596376223;8.133072596376223;2.5336154389692638;8.133072596376223;8.133072596376223;8.133072596376223;6.051678024319699;-1.4477765302849548;4.75231246072326;7.3816674523041;6.842279648059048;8.133072596376223;3.4013929980897046;3.233071142674362;6.465891463391017;2.271692274390716;6.530291168511212;8.133072596376223;8.133072596376223;7.873928648012225;8.133072596376223;7.972147546658562;6.948587903803855;4.851399711475096;5.6692210695910035;5.614963206153334;4.4225783589363346;5.3959017567685805;2.086626024279667;6.090629396647273;6.3787514769646805;8.133072596376223;5.439985651697498;8.133072596376223;2.784267373822786;8.133072596376223;8.133072596376223;7.275642607944064;8.133072596376223;4.46093861526424;4.7882569415287435;5.458601395806909;6.8614324999362;3.0759547386874146;3.724407895616878;4.770324594781414;2.5181734671964477;8.133072596376223;4.512019107125525;7.022904146106157;6.132482750395866;4.897466395781521;6.714943169863545;6.6064368816587375;4.643711791199166;8.133072596376223;6.885358370025642;6.406183509803668;5.627593731915113;4.3515129773204535;3.393761549253213;5.003874514828567;5.197347116769379;5.610152240464231;8.133072596376223;4.4477516059123445;5.271645626897225;5.021736662303738;3.2037549761912487;4.727400198863052;7.5547286115015595;7.353802131590783;8.133072596376223;7.246876350669481;7.535031822451856;7.413350182667273;4.400856093179755;8.133072596376223;8.133072596376223;3.588236000479924;2.4087237602248024;6.376209785725223;7.382360900248386;8.133072596376223;3.724407895616878;3.724407895616878;5.594956632245157;2.8593836202376224
E177A;1.4;3.8989795484376373;2.5373011635092553;8.135195239085078;2.095596646424383;8.135195239085078;2.9169682937208563;8.135195239085078;6.180350222346533;7.494242510787444;7.0583210428085295;7.04842697015556;7.375023504901037;4.492188632764737;2.4009421054215636;8.135195239085078;8.135195239085078;8.135195239085078;3.0889365959737916;5.093713139396641;5.163273970674709;7.335950103122741;3.3635587978060357;3.7223591298388783;8.135195239085078;5.9218191049440065;8.135195239085078;8.135195239085078;3.0477717261819635;6.739910086907912;8.135195239085078;3.1235898237500805;8.135195239085078;6.055939125610166;8.135195239085078;8.135195239085078;8.135195239085078;8.135195239085078;2.4524719295441173;3.8656366657451144;4.537911823786999;6.03307526910794;3.7223591298388783;5.473527341731824;5.975647147330164;3.301961692079203;8.135195239085078;2.4841790673381183;8.135195239085078;6.935968739562668;8.135195239085078;2.7979019860504195;3.255932166677667;6.640795580300619;3.1886212311073905;7.637469989203964;7.674809281184935;8.135195239085078;8.135195239085078;3.7223591298388783;6.036055280303117;8.135195239085078;6.804084459436126;8.135195239085078;3.4930523227376398;6.766794709817987;6.202799332386348;5.311827583122977;3.7223591298388783;2.8919252493360545;3.7223591298388783;5.659786712796631;3.3742743472685106;7.311566334614895;6.65734372989391;7.146938494457572;7.477045122417621;5.5511355150702;8.135195239085078;8.135195239085078;5.855936725667561;8.135195239085078;2.8713374971121084;5.600786474649794;5.541314125643112;5.925211422560096;8.135195239085078;5.370030617275916;3.7223591298388783;8.135195239085078;3.7223591298388783;2.9567886298882513;6.333351639234024;2.5071366775373463;7.0143808754655765;7.587765639999816;8.135195239085078;2.3972083411063068;6.501592191511008;6.510930768563412;6.199278646381572;8.135195239085078;8.135195239085078;2.5309091033996083;8.135195239085078;8.135195239085078;8.135195239085078;5.987576510349754;5.58703375463665;4.77624599813862;7.396207841993601;6.824536327199894;8.135195239085078;3.39909224153962;3.2306758078048006;6.488612418703269;2.26875743601704;6.540651792162862;8.135195239085078;8.135195239085078;7.874657619409845;8.135195239085078;7.973529588919519;6.959578217421949;4.889004225860845;5.672979124261474;5.613705212575951;4.417765806894749;5.386607015741902;2.0838860251533333;6.077844247796747;6.3843511197919725;8.135195239085078;5.466091084563232;8.135195239085078;2.7817912936443463;8.135195239085078;8.135195239085078;7.288525720244252;8.135195239085078;4.442552444825196;4.7750238579683355;5.459045883806539;6.857835410963162;3.071563844434422;3.7223591298388783;4.745688357143081;2.515606998669682;8.135195239085078;4.505173563207791;7.007219142804388;6.128200354723958;4.888212178106187;6.72201115138887;6.61417701584287;4.644540443317965;8.135195239085078;6.890366081337561;6.408915385443834;5.626963269322005;4.3636538287537405;3.392090617795475;5.005968603538349;5.186765598249622;5.604764875257388;8.135195239085078;4.433551542933856;5.238663154967071;5.03625838298467;3.2012473399809096;4.728291366700432;7.553388413956782;7.351699324237416;8.135195239085078;7.222606266703224;7.547745008138008;7.379189471112113;1.7015188163641142;8.135195239085078;8.135195239085078;3.5920813589451654;2.4061235682165716;6.377126926090568;7.389119520315944;8.135195239085078;3.7223591298388783;3.7223591298388783;5.606004070319614;2.857115221035201
N105A;0.3;3.9054479791417407;2.545180327273499;8.131073163493056;2.10395342667465;8.131073163493056;2.9243548255907967;8.131073163493056;6.1968597491504624;7.478516473187483;7.059093794430737;7.028257356654649;7.375035572913475;4.5295146119563015;2.4093641123180873;8.131073163493056;8.131073163493056;8.131073163493056;3.096425570387453;5.151802513248185;5.166948970343583;7.333038529279293;3.3706318755429834;3.7285617119195535;8.131073163493056;5.922632509107643;8.131073163493056;8.131073163493056;3.0550506855506114;6.726542156240612;8.131073163493056;3.130689719997406;8.131073163493056;6.066747857905284;8.131073163493056;8.131073163493056;8.131073163493056;8.131073163493056;2.460782043213783;3.899704380321964;4.542826450909388;6.0386673772882205;3.7285617119195535;5.487946455307338;5.9820968667190755;3.30915826915583;8.131073163493056;2.4923243910452015;8.131073163493056;6.9304966389536276;8.131073163493056;2.805763209485974;3.263357588977499;6.6296111000701785;3.196293678280142;7.642800914305553;7.671184462882593;8.131073163493056;8.131073163493056;3.7285617119195535;6.037036470781459;8.131073163493056;6.8039903636599774;8.131073163493056;3.49962061022228;6.753786484072407;6.175767957472999;5.310777733883242;3.7285617119195535;2.89989020857314;3.7285617119195535;5.658640146002654;3.3811617416358217;7.297134795208535;6.654805904530804;7.156899567331493;7.473912035711692;5.531863488580711;8.131073163493056;8.131073163493056;5.854772215519915;8.131073163493056;2.8793518390884287;5.609160299893119;5.545458458287612;5.945583506530966;8.131073163493056;5.402258893544058;3.7285617119195535;8.131073163493056;3.7285617119195535;2.9641178751779194;6.341770677912791;2.515183177762026;6.992820143826975;7.609132893735477;8.131073163493056;2.4052414162578657;6.5070808496602695;6.520789200301806;6.233168363256482;8.131073163493056;8.131073163493056;2.5392929328226614;8.131073163493056;-0.4172366654931636;8.131073163493056;5.991441209687764;5.6008002817852685;4.777247811660345;7.415708372194786;6.833684734385315;8.131073163493056;3.4063717635144144;3.2378237757604893;6.469582642916066;2.277046191641972;6.531426402228135;8.131073163493056;8.131073163493056;7.870391915952496;8.131073163493056;7.969160258399825;6.97087572345481;4.876622879592105;5.702092691703001;5.6232819975771235;4.4229490773027464;5.397401762083973;2.0924873556213583;6.089978720471663;6.373074336406717;8.131073163493056;5.453911930811955;8.131073163493056;2.789439417727351;8.131073163493056;8.131073163493056;7.281261891396753;8.131073163493056;4.459284728339981;4.786409288332834;5.4762112651333155;6.855082525868056;3.076968364589561;3.7285617119195535;4.773699729803411;2.523480043237157;8.131073163493056;4.522477294696273;7.002376987093157;6.1228809907388495;4.896950862381345;6.722333277706639;6.602933432681311;4.644604817181971;8.131073163493056;6.881604568927287;6.406181045411358;5.6250018473183445;4.367783653083052;3.3992601570691363;5.003295820737549;5.222225337281998;5.617879201843607;8.131073163493056;4.4433025379685205;5.222954883009152;5.037481692925212;3.209045580137115;4.734437831840069;7.553281885955585;7.35289373518026;8.131073163493056;7.2268190069444245;7.537227303102554;7.409501230462411;4.406888424382487;8.131073163493056;8.131073163493056;3.5991106525000305;2.414347164129083;6.3699958125034755;7.3862530027709;8.131073163493056;3.7285617119195535;3.7285617119195535;5.617186765090082;2.8646667865832
