variant;y
F283W;0.0
F283Y;0.76
G284F;0.57
G284I;8.0
G284L;2.73
G284M;0.1
G284S;0.56
G284V;8.0
G286S;8.0
G237A;0.51
G237N;1.26
G237Q;8.0
G237S;0.68
G237W;8.0
G238I;1.36
G238M;8.0
G238N;8.0
G238T;1.17
G238Y;0.0
H240Y;8.0
K248D;-0.12
K248E;-0.16
K248N;-0.07
K248Q;-0.16
L244D;-0.12
R215Q;1.31
S219A;1.58
S219Q;2.73
S219V;8.0
S236M;2.08
S236T;8.0
T217N;2.73
T217Q;8.0
T217V;0.43
T234E;8.0
T234Q;8.0
T234V;-0.26
Y242E;2.08
Y242Q;2.08
Y242W;0.82
Y243E;0.54
G494Q;1.58
G494S;0.51
H433K;1.17
H433R;1.12
H433W;1.26
L451F;0.71
L451K;0.93
L451W;1.91
L451Y;8.0
N432K;8.0
N432V;1.05
N432W;1.58
N432Y;1.91
N454D;0.5
N454E;-0.18
N454K;0.66
N454R;0.85
N454Y;-0.1
N495D;8.0
S426R;-0.07
S430Q;-0.67
S493K;8.0
S493Q;1.78
S493R;2.73
S493T;2.32
S493W;8.0
W492Q;2.08
