variant;y;X1;X2;X3;X4;X5;X6;X7;X8;X9;X10;X11;X12;X13;X14;X15;X16;X17;X18;X19;X20;X21;X22;X23;X24;X25;X26;X27;X28;X29;X30;X31;X32;X33;X34;X35;X36;X37;X38;X39;X40;X41;X42;X43;X44;X45;X46;X47;X48;X49;X50;X51;X52;X53;X54;X55;X56;X57;X58;X59;X60;X61;X62;X63;X64;X65;X66;X67;X68;X69;X70;X71;X72;X73;X74;X75;X76;X77;X78;X79;X80;X81;X82;X83;X84;X85;X86;X87;X88;X89;X90;X91;X92;X93;X94;X95;X96;X97;X98;X99;X100;X101;X102;X103;X104;X105;X106;X107;X108;X109;X110;X111;X112;X113;X114;X115;X116;X117;X118;X119;X120;X121;X122;X123;X124;X125;X126;X127;X128;X129;X130;X131;X132;X133;X134;X135;X136;X137;X138;X139;X140;X141;X142;X143;X144;X145;X146;X147;X148;X149;X150;X151;X152;X153;X154;X155;X156;X157;X158;X159;X160;X161;X162;X163;X164;X165;X166;X167;X168;X169;X170;X171;X172;X173;X174;X175;X176;X177;X178;X179;X180;X181;X182;X183;X184;X185
D94A;0.8;2.9090316017973237;3.7720790566090727;8.890113685095173;2.810029343885617;8.890113685095173;3.7770922704949044;4.4462095943044915;5.945138075517207;8.191991001602219;7.493399778177263;7.729078491960536;8.043382064266552;4.952107014767535;6.416847783184494;8.890113685095173;8.890113685095173;8.890113685095173;3.9094230417977087;5.4263590323898825;5.726384135254193;7.5283137642618385;4.197321361862123;4.4462095943044915;8.890113685095173;6.96940778613498;8.890113685095173;8.890113685095173;3.665927516296506;7.338002444434096;8.890113685095173;4.188738308177562;8.890113685095173;3.527881294634426;8.890113685095173;8.890113685095173;8.890113685095173;8.890113685095173;3.1655409076283263;2.772540594174643;2.813285653013736;7.9501906403456815;4.947397384557917;3.27868033509003;4.4462095943044915;8.890113685095173;6.5320531538600335;8.890113685095173;3.5355194660241978;3.530327329382999;6.933972915663617;4.711618669998643;8.113513891734328;8.890113685095173;4.4462095943044915;8.009571533764756;4.4462095943044915;6.880613817047561;8.890113685095173;7.4344055495312205;8.890113685095173;4.077879114556708;4.555474858285379;6.647404029419704;6.126520025572972;4.4462095943044915;3.345715940105947;4.4462095943044915;6.205187730432954;4.121296442550374;8.890113685095173;7.608098715136293;8.12494155074819;7.991108221161994;3.972723577375291;4.4462095943044915;4.4462095943044915;3.2412370673118858;8.890113685095173;5.445507340898985;5.964463436044753;6.406139112979872;6.366036763211014;8.890113685095173;5.770994865364628;4.08212592676864;8.890113685095173;4.4462095943044915;2.861642261472298;7.219292784735444;3.41317866902682;8.01264358930348;8.553571643933537;8.890113685095173;2.424988790342468;7.1410459754260955;7.269286095368443;6.079842729959637;8.890113685095173;8.890113685095173;3.2605529619322624;8.890113685095173;7.6952637206140935;8.890113685095173;6.155445019132458;6.087170414364664;4.989594179947744;8.317838285147445;7.151833873924261;8.890113685095173;5.04849994082133;4.707214118710908;6.997755346063059;2.9356056919205002;7.878333762782859;8.890113685095173;8.890113685095173;8.890113685095173;8.890113685095173;7.315584832851073;7.501460886916902;5.386128759208077;6.024325177859282;6.1548617226108036;4.822759435934131;5.111710536599276;2.6725183099006244;6.38593677879544;7.0266884163429495;8.890113685095173;6.336716459976742;8.890113685095173;4.250926839797103;8.890113685095173;8.890113685095173;8.087230583507335;8.890113685095173;5.053177429274456;5.4953918693063315;5.764994226414274;7.594633462533238;3.358848161806236;4.4462095943044915;4.62105888336373;3.174375940914615;8.890113685095173;4.380227948315223;7.633724186431209;6.392035555372786;4.83892227970864;6.833221454566228;8.25303111827543;4.438956592020986;8.890113685095173;7.438698386262331;7.190995800119708;5.620672748498691;5.082390055104042;4.571629851823673;4.559280718240188;5.3892564966663485;6.721862385646091;8.890113685095173;5.202348591250484;5.597238250571536;5.136216652179428;4.268950771147502;4.230246395629365;8.541810207057551;7.8983469452123245;8.890113685095173;7.862123553699348;8.196370463381754;7.549364715348929;4.26467424544353;8.890113685095173;8.890113685095173;4.156078498424904;3.0173183178994805;6.690883219067473;7.806754822835501;8.890113685095173;4.4462095943044915;3.7277004526695237;5.365258477278985;3.1894851402612403
E95Q;1.6;2.9190658699203595;3.7818754466111386;8.887745319622525;2.8200990610562258;8.887745319622525;3.786265177635414;4.455314444058331;5.953755212897704;8.176746721264863;7.48816870959854;7.713847431481554;8.03724505593891;4.957759904041438;6.406886761295027;8.887745319622525;8.887745319622525;8.887745319622525;3.919097501825945;5.433734641850606;5.741013366945481;7.5262612195110705;4.206658035208875;4.455314444058331;8.887745319622525;6.936757737985317;8.887745319622525;8.887745319622525;3.675245777512373;7.334295658605697;8.887745319622525;4.198202964687425;8.887745319622525;3.5374306279240955;8.887745319622525;8.887745319622525;8.887745319622525;8.887745319622525;3.1756596489789786;2.7825190262497017;2.823428497400073;7.950330937586841;4.94897652815871;3.288021019061034;4.455314444058331;8.887745319622525;6.523517382651335;8.887745319622525;3.5455221188308315;3.5404131056398;6.942775072660879;4.72536101602077;8.090209937075997;8.887745319622525;4.455314444058331;8.010123700651093;4.455314444058331;6.872580596595071;8.887745319622525;7.4503006698869285;8.887745319622525;4.0870334625919895;4.563133882796933;6.648284453309316;6.1346823083260915;4.455314444058331;3.355837443351902;4.455314444058331;6.21214853008405;4.13029554475861;8.887745319622525;7.621204047143692;8.119654329530022;7.99356188566162;3.979190005541568;4.455314444058331;4.455314444058331;3.2509777024074538;8.887745319622525;5.458562035461;5.984608457594732;6.400670652339613;6.354409045634384;8.887745319622525;5.782064789018477;4.091258594312876;8.887745319622525;4.455314444058331;2.871781773312023;7.246664594313188;3.4231244879606493;8.021890833384532;8.561669605558563;8.887745319622525;2.7979771890381926;-1.075809658100809;7.257240575483593;6.072930790437567;8.887745319622525;8.887745319622525;3.2703284117283147;8.887745319622525;7.691783543365091;8.887745319622525;6.139173868764374;6.111225240787462;4.9967549217390115;8.316618577300687;7.1634089499002584;8.887745319622525;5.0567725136019135;4.7141941866202615;7.00769094946736;2.945834954194197;7.873616969838622;8.887745319622525;8.887745319622525;8.887745319622525;8.887745319622525;7.305827338901054;7.501156591519248;5.418953015425359;6.0145847150834015;6.158971422588138;4.831698243260121;5.1426659557182575;2.6827424617745237;6.383835829792588;7.0355392850906355;8.887745319622525;6.35176000365027;8.887745319622525;4.256825091278984;8.887745319622525;8.887745319622525;8.090357836517796;8.887745319622525;5.058889084332691;5.510437393088068;5.7577992776186875;7.5913012507298845;3.3709392806398455;4.455314444058331;4.624990953449014;3.1840847766993647;8.887745319622525;4.390283933187675;7.6215229822828405;6.377260030398247;4.838109556167183;6.841293669211154;8.247497899214977;4.434112706486303;8.887745319622525;7.441110393692725;7.2218173928959;5.614827516530568;5.08844368953396;4.580524612976774;4.565877184663918;5.386405612423459;6.759207817412971;8.887745319622525;5.218909555460868;5.5942503303358535;5.124939267112495;4.278697155413738;4.239805101487491;8.540052902489606;7.892044672802513;8.887745319622525;7.870726741741237;8.190294851410727;7.570239647931885;4.273981836912299;8.887745319622525;8.887745319622525;4.164140993786759;3.027441971548342;6.684247133440294;7.807705644856469;8.887745319622525;4.455314444058331;3.7367898222414624;5.362346102766423;3.198553721636472
T27A;1.5;2.9200681935419652;3.7828149633080557;8.88778664370028;2.8212172445075794;8.88778664370028;3.7871450854529485;4.456205151130462;5.957487961357401;8.193563954113415;7.504915263622024;7.7153849938367784;8.039620039007787;4.962825008708592;6.4183181899898045;8.88778664370028;8.88778664370028;8.88778664370028;3.920143824647539;5.437383606346884;5.736241348007752;7.529611691527862;4.207476174424528;4.456205151130462;8.88778664370028;6.963300798661294;8.88778664370028;-0.4611830768692755;3.676117599179861;7.337397570612666;8.88778664370028;4.199124126267861;8.88778664370028;3.5384526896762054;8.88778664370028;8.88778664370028;8.88778664370028;8.88778664370028;3.1766348977575944;2.7833759408188143;2.824448075227565;7.94896779217197;4.946373890814584;3.288908309065164;4.456205151130462;8.88778664370028;6.527344595633622;8.88778664370028;3.5465281562121618;3.5413567555317513;6.927329314479721;4.722670811311104;8.107773525720404;8.88778664370028;4.456205151130462;8.006036187345671;4.456205151130462;6.876887186666863;8.88778664370028;7.427043869996851;8.88778664370028;4.0879223130998525;4.565707699676054;6.641940259716648;6.13593593274345;4.456205151130462;3.35688311717081;4.456205151130462;6.206192591974741;4.1311341337807335;8.88778664370028;7.60987701884369;8.124028722926596;7.992743943585083;3.9717020913598446;4.456205151130462;4.456205151130462;3.2518825393292445;8.88778664370028;5.45689401987056;5.969859983013521;6.406954940487594;6.354819196498283;8.88778664370028;5.771982895390465;4.0921466731326746;8.88778664370028;4.456205151130462;2.872972221992029;7.236708396819267;3.4239451782143533;8.034230041041155;8.556659129390027;8.88778664370028;2.7991542311394824;7.153303774779488;7.26298016365763;6.090535084204021;8.88778664370028;8.88778664370028;3.2715118009457456;8.88778664370028;7.702890636597658;8.88778664370028;6.155685801826621;6.090162481279549;4.998084995796262;8.315690866671503;7.166442215688221;8.88778664370028;5.059339743934956;4.717131827435367;6.990564179719513;2.9468696807764445;7.869222202611127;8.88778664370028;8.88778664370028;8.88778664370028;8.88778664370028;7.31209702804108;7.4975755100822425;5.391306875297232;6.0374728487313405;6.164426699138858;4.83265131877738;5.123399245694145;2.68388523660019;6.387450128906494;7.037449066887348;8.88778664370028;6.328605971335492;8.88778664370028;4.249161356762727;8.88778664370028;8.88778664370028;8.0829350482054;8.88778664370028;5.062767794330625;5.506626034470173;5.764099318547778;7.592390251280449;3.3699281900362053;4.456205151130462;4.619321261888672;3.185163277661786;8.88778664370028;4.3914449324474845;7.63642946404434;6.396987482249642;4.838310680259042;6.84121095314913;8.250822969138426;4.448439018331555;8.88778664370028;7.456568322731982;7.1999238062380755;5.631774692403269;5.092657569080984;4.582471603983379;4.569942786597579;5.400423359440538;6.7246052006448735;8.88778664370028;5.21263942595715;5.609346927672959;5.1469767742837575;4.2795962270122345;4.240640284313713;8.539929638730882;7.894909257569452;8.88778664370028;7.8586937914769806;8.195464571523189;7.560628454921243;4.274956977113106;8.88778664370028;8.88778664370028;4.167278616886449;3.028453385966145;6.702661192186497;7.794213666824362;8.88778664370028;4.456205151130462;3.737616049964572;5.36500151627024;3.1994194427627463
F6A;3.0;2.910338372003025;3.773378910987958;8.88975129506133;2.81131058898427;8.88975129506133;-0.9651634804049536;4.447439793438207;5.952059005548108;8.19381063779474;7.501002672652248;7.7127960234902275;8.041524255737386;4.954238766771596;6.418477394370711;8.88975129506133;8.88975129506133;8.88975129506133;3.910711006854399;5.4331165998046345;5.731886205161572;7.525492831849988;4.198515355132258;4.447439793438207;8.88975129506133;6.96182400926773;8.88975129506133;8.88975129506133;3.6671397069112572;7.336144460692594;8.88975129506133;4.19001065012344;8.88975129506133;3.5291893380162946;8.88975129506133;8.88975129506133;8.88975129506133;8.88975129506133;3.1667637067056944;2.7737522495117446;2.8146186352933;7.945788691016787;4.939577989820464;3.27990514605699;4.447439793438207;8.88975129506133;6.528487924588262;8.88975129506133;3.5368170090932836;3.531556291021843;6.928005590656539;4.713614554621017;8.107667898457294;8.88975129506133;4.447439793438207;8.008369069850232;4.447439793438207;6.876252411580936;8.88975129506133;7.425975865829969;8.88975129506133;4.079105040491413;4.556938656283819;6.642894782569783;6.129260855026587;4.447439793438207;3.3469773895940307;4.447439793438207;6.200257231870637;4.122508722339262;8.88975129506133;7.609515990392538;8.123289136419771;7.9911795280640945;3.962406483454288;4.447439793438207;4.447439793438207;3.2425213381029607;8.88975129506133;5.450621696323651;5.966457227252249;6.402606855677732;6.353647066622216;8.88975129506133;5.768398224590783;4.083352059573372;8.88975129506133;4.447439793438207;2.8629039835777803;7.23160390805424;3.4143782288410875;8.031919486231345;8.55717084427306;8.88975129506133;2.7892269628919166;7.154382438122411;7.2642508823628305;6.086386503960966;8.88975129506133;8.88975129506133;3.2619021575483202;8.88975129506133;7.7056411979883705;8.88975129506133;6.150116598444583;6.085556447680574;4.991059374377073;8.314793564095453;7.164836837442635;8.88975129506133;5.049982062766048;4.708845480571654;6.990328574174782;2.936851283779106;7.8686220442614285;8.88975129506133;8.88975129506133;8.88975129506133;8.88975129506133;7.314374740211406;7.500004488269042;5.386553736723727;6.033046986991394;6.157604929061563;4.8252967404205265;5.116521665135224;2.6737919185034116;6.38253294790411;7.037305069199647;8.88975129506133;6.325418042335514;8.88975129506133;4.239828882063193;8.88975129506133;8.88975129506133;8.082972385222092;8.88975129506133;5.05537108269391;5.499954258870275;5.758493847015416;7.591449687053682;3.360812944872123;4.447439793438207;4.612776607496926;3.175652466710744;8.88975129506133;4.381529836143272;7.633433833063464;6.392572224840478;4.830768584008183;6.841856925879256;8.251794673557924;4.442808077215886;8.88975129506133;7.454730720017324;7.1963022514974;5.628119247097857;5.087131240581584;4.573066361134806;4.561258563565389;5.3946195946664375;6.721900829776132;8.88975129506133;5.205950659312293;5.605323898082133;5.142494846226327;4.270179245588224;4.231455991666735;8.541415924844387;7.892392806095813;8.88975129506133;7.855637619824847;8.194335082363978;7.559768958744826;4.268196960494606;8.88975129506133;8.88975129506133;4.157779965992631;3.018569479148937;6.697166253878095;7.7911719620351505;8.88975129506133;4.447439793438207;3.7289063137541234;5.359005442956914;3.1906897350672807
I29A;1.4;2.920290102425497;3.7829659075505333;8.890249987144387;2.821193639023477;8.890249987144387;3.787473119329661;4.456206919729993;5.958387066738396;8.195601348068521;7.505984477495076;7.716487803772907;8.042419214123584;4.962376137198589;6.420733197403024;8.890249987144387;8.890249987144387;8.890249987144387;3.9204306600731798;5.438510902800772;5.737371537659783;7.530525996473443;4.2077703780378215;4.456206919729993;8.890249987144387;6.965119509244687;8.890249987144387;8.890249987144387;3.6763717131107114;7.33909070045047;8.890249987144387;4.199305623973487;8.890249987144387;3.5387034911836963;8.890249987144387;8.890249987144387;8.890249987144387;8.890249987144387;3.17663347701631;2.783483075807453;2.824307565111667;7.9501276992377825;4.946390300754501;3.289257606724277;4.456206919729993;8.890249987144387;6.53026579717698;8.890249987144387;3.546549702690754;3.5415213933738414;6.929783657338703;4.72235087453555;8.109767237710912;8.890249987144387;4.456206919729993;8.009105842602366;4.456206919729993;6.878918097965652;8.890249987144387;7.42894054982753;8.890249987144387;4.088130182251916;4.565159945012056;6.644716966817214;6.136419722839491;4.456206919729993;3.3568527590159647;4.456206919729993;6.206631200329866;4.131586786505068;8.890249987144387;7.6119193698395975;8.12584698756109;7.994328893444617;3.971165383438347;4.456206919729993;4.456206919729993;3.2520281086763134;8.890249987144387;5.457401534842575;5.9712043210165575;6.408022384130163;6.356734990637051;8.890249987144387;5.773299799795495;4.0923694890516344;8.890249987144387;4.456206919729993;2.872853651904734;7.237543596580508;3.4240878591663204;8.035601628143922;8.558729732685606;8.890249987144387;2.799118187149361;7.155746555348742;7.265703570883488;6.091557789593935;8.890249987144387;8.890249987144387;3.271644166234182;8.890249987144387;7.706342803505322;8.890249987144387;6.1566919590113685;6.091295522841392;4.998255152473575;8.317462197766872;7.16820110914523;8.890249987144387;5.058790760856482;4.716871291604548;6.992779583844822;2.9467871304950677;7.870721103652613;8.890249987144387;8.890249987144387;8.890249987144387;8.890249987144387;7.315137775212406;7.500803343580628;5.392402236793714;6.038547620963072;6.164943320680322;4.8327161341003375;5.123896910183248;2.6839391260837147;6.388266607478727;7.039575612026965;8.890249987144387;6.330014065752039;8.890249987144387;4.248776087215447;8.890249987144387;8.890249987144387;8.084903920389479;8.890249987144387;5.062733871075125;5.506990044232225;5.764918325487088;7.594316700633499;3.3697389775625197;4.456206919729993;4.619996676439769;3.185384685333702;8.890249987144387;4.390818870460862;7.637397360325849;6.398092459816326;4.838397688054101;6.843790244005504;8.253119648693428;4.449237232351152;8.890249987144387;7.458186275978733;7.201116156109492;5.633048694655372;5.0934842946444405;4.582064306072425;4.569636297906982;5.401129134217626;6.726299385671155;8.890249987144387;5.212925522078876;5.610813137172954;5.148161815544881;4.279739806559519;4.240887603576994;8.541920824672616;7.8963332791227;8.890249987144387;7.859868629893754;8.197307247231947;7.562324326951057;4.275330854876302;8.890249987144387;8.890249987144387;4.166998795430118;3.0283968382282183;6.703391087532509;7.795365245074208;8.890249987144387;4.456206919729993;3.7379534198262263;5.365505479858257;3.199788157013245
S25A;0.3;2.9162249909131788;3.7791590462002205;8.8883656830846;2.8169020215955243;8.8883656830846;3.7837523592752405;4.452921186270942;5.97713165091136;8.1704676540121;7.4639037621964235;7.6619615948729916;8.04170563383559;4.960372750465467;6.30996345244057;8.8883656830846;8.8883656830846;8.8883656830846;3.916230493749026;5.399075880290184;5.742661546333693;7.523608084426087;4.204235277837142;4.452921186270942;8.8883656830846;4.416708958482559;8.8883656830846;8.8883656830846;3.6725377605762333;7.369893582726945;8.8883656830846;4.195697113260394;8.8883656830846;3.5348047308216337;8.8883656830846;8.8883656830846;8.8883656830846;8.8883656830846;3.1728445075368086;2.779907608710346;2.820626088301651;7.97284455090994;4.951425279547038;3.2857737804588396;4.452921186270942;8.8883656830846;6.533335755826556;8.8883656830846;3.542692673205238;3.5374913402774837;6.943397890572669;4.72032990367552;8.086908402652625;8.8883656830846;4.452921186270942;7.9790798034937325;4.452921186270942;6.827813489042455;8.8883656830846;7.450565342660411;8.8883656830846;4.08461531654757;4.5662217761473585;6.637763341954269;6.109757544967579;4.452921186270942;3.352744245543363;4.452921186270942;6.212047535402235;4.127776690467726;8.8883656830846;7.604651695408393;8.091451880027307;8.035999538100441;3.9806265139195602;4.452921186270942;4.452921186270942;3.2482256672665244;8.8883656830846;5.455379477070892;5.96786579315085;6.383353348792298;6.3680402622849215;8.8883656830846;5.770737719751196;4.088849574240157;8.8883656830846;4.452921186270942;2.8693248348135967;7.25343227518897;3.420329504588153;8.028858057354228;8.551609237489174;8.8883656830846;2.7950440466393047;7.10534085931431;7.2624114945938345;6.07734157377854;8.8883656830846;8.8883656830846;3.2675177891214844;8.8883656830846;7.695225398014372;8.8883656830846;6.179330540704541;6.081403958116425;4.9813147329114145;8.296994386502774;7.1406023592990095;8.8883656830846;5.059360783473949;4.718178927405461;6.995495301380288;2.942903585266322;7.861979715671623;8.8883656830846;8.8883656830846;8.8883656830846;8.8883656830846;7.302641175284862;7.488977910579706;5.384397653375345;6.023156279086834;6.160924972387875;4.833891464448243;5.112845210198429;2.679713547749998;6.376874699082691;7.021650770533597;8.8883656830846;6.340298348251963;8.8883656830846;4.239915653741264;8.8883656830846;8.8883656830846;8.109322911914205;8.8883656830846;5.04809854845962;5.504668514098739;5.750176176854438;7.584044159084442;3.363692918253946;4.452921186270942;4.610920464678202;3.1814626800332917;8.8883656830846;4.386322881919114;7.6207719713347615;6.405232401493777;4.8527119982136355;6.836608317840728;8.263805690247864;4.4219823570674635;8.8883656830846;7.437213076000262;7.2476426440262;5.609810388721598;5.093482705342467;4.582050933444407;4.55829958760296;5.400350067051477;6.7244100688403705;8.8883656830846;5.207243711876799;5.582499905052828;5.118271278923203;4.275954248398193;4.237297454819782;8.54014601832705;7.905927551944842;8.8883656830846;7.874380728753749;8.177741368795978;7.570310903014615;4.272515459282658;8.8883656830846;8.8883656830846;4.155220568842196;3.024324925907422;6.689205517352093;7.788520161288034;8.8883656830846;4.452921186270942;3.7344681415124796;5.3790424118051305;3.1963896731031127
D8A;1.5;2.9132132108829865;3.776083950670454;8.889270821066646;2.8144142310034113;8.889270821066646;3.781193325824006;4.450127646493911;-1.2753122211009043;8.171375984698898;7.523610545134034;7.731515747535013;8.032485161698787;4.95679971423192;6.441219165993971;8.889270821066646;8.889270821066646;8.889270821066646;3.913518980033132;5.4331175374063605;5.729776316829884;7.531751240459926;4.201261677084858;4.450127646493911;8.889270821066646;6.978147842888575;8.889270821066646;8.889270821066646;3.670082873203228;7.339629944530316;8.889270821066646;4.192981969365519;8.889270821066646;3.532130116862845;8.889270821066646;8.889270821066646;8.889270821066646;8.889270821066646;3.169523214788967;2.776498840150907;2.8175341785577075;7.960368797906995;4.923174554570323;3.2824823235318945;4.450127646493911;8.889270821066646;6.522613925073529;8.889270821066646;3.539560988303947;3.5343264087318857;6.913070472641266;4.720469871618491;8.099852337556513;8.889270821066646;4.450127646493911;8.005691304873835;4.450127646493911;6.894419629192271;8.889270821066646;7.433578649535775;8.889270821066646;4.081829530380219;4.560609190726268;6.653371889136906;6.135809076362875;4.450127646493911;3.349926478166253;4.450127646493911;6.19607938626541;4.12517954988698;8.889270821066646;7.613520299630181;8.141801564572233;7.9588245556587935;3.9658107843031303;4.450127646493911;4.450127646493911;3.245440257411701;8.889270821066646;5.466703459075234;5.986928539183282;6.3957194529648405;6.351837950242043;8.889270821066646;5.763229410486019;4.086072087961384;8.889270821066646;4.450127646493911;2.866035597086693;7.2362017382038175;3.417141062677274;8.037987258750945;8.552885446490109;8.889270821066646;2.7920219552966046;7.151052420151245;7.2552217652555555;6.085643474423705;8.889270821066646;8.889270821066646;3.264769982637972;8.889270821066646;7.702520965243821;8.889270821066646;6.166498219663481;6.092705417664547;4.999148459287426;8.305841114019131;7.1675144781456765;8.889270821066646;5.0539965583840285;4.7140265266097;7.0040659637670615;2.9396426938515106;7.870249329571379;8.889270821066646;8.889270821066646;8.889270821066646;8.889270821066646;7.327624261187793;7.4982610692532035;5.372909176434405;6.031035517455166;6.16104964548731;4.83240508728727;5.115785329485334;2.6766752808475758;6.3957042453266695;7.046226207225118;8.889270821066646;6.3164407633958035;8.889270821066646;4.244672842769887;8.889270821066646;8.889270821066646;8.069077547675988;8.889270821066646;5.061111388240448;5.496325227080888;5.771208259992818;7.597554443349509;3.3672214803664247;4.450127646493911;4.625351033136212;3.1784229830268487;8.889270821066646;4.384798912290989;7.636372900506103;6.4162084607633005;4.839781303058999;6.862395450109034;8.25303560210159;4.443912009356609;8.889270821066646;7.434953139780191;7.194884851654933;5.611433415242573;5.089409020444691;4.577187918378797;4.566372947198943;5.3890177789635345;6.720124548817694;8.889270821066646;5.192250728544423;5.598933657649468;5.131409426838218;4.272943670123368;4.234148947904487;8.540799859508752;7.890432636972037;8.889270821066646;7.874293424336429;8.176481811868143;7.5389986332265835;4.260971018167311;8.889270821066646;8.889270821066646;4.159641998413235;3.0214279815718896;6.716859906322497;7.816850955678092;8.889270821066646;4.450127646493911;3.731533813381702;5.368773366005826;3.193245958715579
E31A;1.2;2.910200035170419;3.773240574155352;8.88992408144685;2.811172252151664;8.88992408144685;3.778176266961964;4.447301456605601;5.95201859061217;8.193872628291501;7.500836208349938;7.712942999598454;8.041671397515529;4.954079396286943;6.418629570369376;8.88992408144685;8.88992408144685;8.88992408144685;3.910572670021793;5.433128092845436;5.731809427623375;7.525614882913942;4.198377019230975;4.447301456605601;8.88992408144685;6.961984208901413;8.88992408144685;8.88992408144685;3.6670013700786512;7.336199636338279;8.88992408144685;-0.8903361189641146;8.88992408144685;3.529051002115011;8.88992408144685;8.88992408144685;8.88992408144685;8.88992408144685;3.166625370804411;2.773613913610461;2.8144802993920166;7.9458948938699905;4.939518189044975;3.279766809224384;4.447301456605601;8.88992408144685;6.528651779211941;8.88992408144685;3.536678673192;3.53141795512056;6.928193182306131;4.713458666663428;8.107892321149848;8.88992408144685;4.447301456605601;8.008549688920539;4.447301456605601;6.876483458065195;8.88992408144685;7.42587830426055;8.88992408144685;4.07896670459013;4.556798382113811;6.643077009583067;6.129074871832927;4.447301456605601;3.3468390536927473;4.447301456605601;6.200225902759485;4.122370385506656;8.88992408144685;7.609688923468639;8.12342020865617;7.991406075270788;3.9622867753423634;4.447301456605601;4.447301456605601;3.2423830012703547;8.88992408144685;5.450464140340046;5.966372261693323;6.40255953783344;6.353449824106065;8.88992408144685;5.768460887979018;4.083213722740766;8.88992408144685;4.447301456605601;2.862764592084204;7.231468252241029;3.4142398920084815;8.032004626649723;8.557299840205815;8.88992408144685;2.7890886260593106;7.154511824279325;7.264343809336424;6.086422153523017;8.88992408144685;8.88992408144685;3.261763821647037;8.88992408144685;7.705798355689694;8.88992408144685;6.1499783934268635;6.085649580509198;4.990923348745127;8.314824514403881;7.165068236519801;8.88992408144685;5.049841788596041;4.708699721944868;6.9904172208334785;2.9367129478778224;7.868837270172662;8.88992408144685;8.88992408144685;8.88992408144685;8.88992408144685;7.314488667854221;7.500171133018739;5.38655474926054;6.033103134443081;6.1574717168550706;4.8251576628699695;5.116387035552179;2.6736535816708056;6.382442812784575;7.037392809630546;8.88992408144685;6.325434625483467;8.88992408144685;4.2397203918426385;8.88992408144685;8.88992408144685;8.08316239330452;8.88992408144685;5.055223926054623;5.499857423916183;5.758367216949409;7.5915370910661295;3.360660432851546;4.447301456605601;4.612674019315818;3.1755141308094608;8.88992408144685;4.381389682637746;7.63337196325665;6.392463406189563;4.830636020181373;6.84188896692649;8.251952474628524;4.4428418180541485;8.88992408144685;7.45488970095721;7.196352807193762;5.628029020461327;5.087108464485937;4.572931722155772;4.5611288830614285;5.394553800837457;6.721907502382237;8.88992408144685;5.205866728305409;5.605257012364746;5.1424067434891185;4.270040908755618;4.2313176557654515;8.541589013545945;7.892459593624153;8.88992408144685;7.855567846207123;8.194604267831892;7.559812861523824;4.2680153101282485;8.88992408144685;8.88992408144685;4.157652070295626;3.0184309696314813;6.69714294768346;7.791216765581339;8.88992408144685;4.447301456605601;3.7287679769215174;5.358916951818173;3.1905513991659973
V38A;0.7;2.903258669830393;3.766576253066887;8.892032679748809;2.8041035596488655;8.892032679748809;3.771922337822616;4.441153864480839;5.97011029639998;8.175914009685584;7.480670086835744;7.7336391716235084;8.049355699304215;4.946200463855348;6.429055151107605;8.892032679748809;8.892032679748809;8.892032679748809;3.904104378365446;5.432529669567884;5.754254791710991;7.5322675766728935;4.192177735443693;4.441153864480839;8.892032679748809;6.945873107979423;8.892032679748809;8.892032679748809;3.6606243433780037;7.332447640088503;8.892032679748809;4.1833707585174125;8.892032679748809;3.5224435573618393;8.892032679748809;8.892032679748809;8.892032679748809;8.892032679748809;5.016709418021492;2.767173644984723;2.807669588830322;7.986775087018032;4.948004569623663;3.273812630912289;4.441153864480839;8.892032679748809;6.5257130892860005;8.892032679748809;3.5299570631923416;3.524597434938187;6.947951806389028;4.715972779404183;8.10649559801459;8.892032679748809;4.441153864480839;8.003229028863643;4.441153864480839;6.89910225305357;8.892032679748809;7.424175988169736;8.892032679748809;4.072778583635227;4.554470450346344;6.661198886497004;6.117634270369308;4.441153864480839;3.339802036402034;4.441153864480839;6.200813310861122;4.116335962113226;8.892032679748809;7.607098606938962;8.09911795516382;7.99998471159779;3.959343065711437;4.441153864480839;4.441153864480839;3.235709142041742;8.892032679748809;5.438014150897288;5.986659526475705;6.388078078132821;6.356676460738527;8.892032679748809;5.79752691698377;4.077041429147357;8.892032679748809;4.441153864480839;2.854819716681959;7.262321236703428;3.4074943893938325;8.045521612642915;8.566937710435013;8.892032679748809;2.782114199233547;7.16529457589786;7.295730834448477;6.0890076560899615;8.892032679748809;8.892032679748809;3.2549833129451144;8.892032679748809;7.704176692031979;8.892032679748809;6.151838151854463;6.0891369424934965;4.988736961255199;8.303536361345323;7.175578176726049;8.892032679748809;5.047257906800496;4.705017097267046;6.98905905202264;2.929706208349671;7.860392178554321;8.892032679748809;8.892032679748809;8.892032679748809;8.892032679748809;7.3185730690652235;7.491065196991258;5.383586112620833;6.054472035582876;6.126312852840783;4.816856166071375;5.100539087623474;2.6666256801654526;6.373598736536223;7.0401694759202655;8.892032679748809;6.324211956729414;8.892032679748809;4.226421891389691;8.892032679748809;8.892032679748809;8.066315577569185;8.892032679748809;5.051869364832328;5.478549752238905;5.7540401925980404;7.560780885789427;3.3606142056378303;4.441153864480839;4.615104048032663;3.1689114744513063;8.892032679748809;4.375498533083373;7.64877182784403;6.385361739363361;4.843424415037589;6.857245430743205;8.245600263439883;4.438203096644429;8.892032679748809;7.44926643879262;7.195742982425145;5.646499257609321;5.069591964638676;4.57012923451839;4.560435984036303;5.4014328254706925;6.695448667873279;8.892032679748809;5.200199310624157;5.578347714181291;5.137264571683772;4.263472361155436;4.22493557431153;8.542733006036087;7.898270988405784;8.892032679748809;7.854756445100065;8.204232079937356;7.564419683068991;4.26472318434935;8.892032679748809;8.892032679748809;4.156793480062333;3.011664169258438;6.673062302928884;7.790435978786263;8.892032679748809;4.441153864480839;3.722633412136929;5.3552672386867926;3.184595239930786
H55A;0.3;2.919820760042171;3.7825853966934346;8.887169689300833;2.8209464593038547;8.887169689300833;3.7869043249085053;4.455968956349466;5.955049102732119;8.17816476758344;7.496513014374614;7.721269141924495;8.040168621579141;4.961738682846558;6.413257765354501;8.887169689300833;8.887169689300833;8.887169689300833;3.919905545437473;5.433625452423257;5.740548494086397;7.538868189220011;4.207244681791167;4.455968956349466;8.887169689300833;6.9508874011226;8.887169689300833;8.887169689300833;3.675865065612129;7.346348913903057;8.887169689300833;4.198892700442343;8.887169689300833;3.5382103693410727;8.887169689300833;8.887169689300833;8.887169689300833;8.887169689300833;3.17639169630462;2.7831260343083386;2.8241969701049356;7.953277982680447;4.9446196881823425;3.2886856518017566;4.455968956349466;8.887169689300833;6.51916660630377;8.887169689300833;3.5462689267898213;3.5411200136733214;6.931745249021333;4.721793184147543;8.105078138451063;8.887169689300833;4.455968956349466;-0.6995134881606475;4.455968956349466;6.869162432227313;8.887169689300833;7.433561074587487;8.887169689300833;4.08768526243523;4.565244994872387;6.6468834039988;6.1345690738424;4.455968956349466;3.3565883401080328;4.455968956349466;6.210082690283798;4.130902436139991;8.887169689300833;7.617445183088421;8.114573144219321;8.002916147026554;3.9709500336392125;4.455968956349466;4.455968956349466;3.2515870531789233;8.887169689300833;5.464393592738816;5.975034601055086;6.400241907894269;6.36494123848388;8.887169689300833;5.767095141010941;4.09190987881459;8.887169689300833;4.455968956349466;2.8726730892730075;7.244234245232292;3.4236902595877154;8.023103553849069;8.539229395955772;8.887169689300833;2.798912342479639;7.156815671543882;7.2642868048351374;6.085871735705041;8.887169689300833;8.887169689300833;3.2712446721417336;8.887169689300833;7.702828209863583;8.887169689300833;6.158686949162075;6.082836650371064;4.996149485912156;8.315659316373058;7.152156185415151;8.887169689300833;5.05888459782534;4.728340219840902;6.9943100375676295;2.9466039352265625;7.8610934357275255;8.887169689300833;8.887169689300833;8.887169689300833;8.887169689300833;7.312574261033205;7.487207473437593;5.384466370725022;6.043044925274444;6.162119020518048;4.831316507321475;5.120235852631822;2.6836233648174357;6.382725235524504;7.044788874343794;8.887169689300833;6.333061691118928;8.887169689300833;4.24879862269006;8.887169689300833;8.887169689300833;8.086712497926783;8.887169689300833;5.061772925180776;5.511759311380047;5.770088558228053;7.595162143868947;3.3687451459653346;4.455968956349466;4.617874701942128;3.1849087799201925;8.887169689300833;4.391130078139668;7.636919722692255;6.3959158238067175;4.836527385380123;6.844255496813275;8.253350911099005;4.444835869329154;8.887169689300833;7.454288270751931;7.200480161794985;5.633516911952029;5.100537770687879;4.582000811779949;4.569182165235134;5.409380325217171;6.718283572628934;8.887169689300833;5.210586875466674;5.607604894143151;5.155494942387122;4.279343670496132;4.240412705505264;8.539344480360796;7.8951803087929875;8.887169689300833;7.859159414398164;8.200994755628926;7.571958449487283;4.27535363664515;8.887169689300833;8.887169689300833;4.166608465609102;3.02818678855283;6.6979987122781495;7.789257624028323;8.887169689300833;4.455968956349466;3.737384949738157;5.362514077269452;3.199203558339036
L3A;1.8;2.9200681935419652;3.7828149633080557;-0.4611830768692755;2.8212172445075794;8.88778664370028;3.7871450854529485;4.456205151130462;5.957487961357401;8.193563954113415;7.504915263622024;7.7153849938367784;8.039620039007787;4.962825008708592;6.4183181899898045;8.88778664370028;8.88778664370028;8.88778664370028;3.920143824647539;5.437383606346884;5.736241348007752;7.529611691527862;4.207476174424528;4.456205151130462;8.88778664370028;6.963300798661294;8.88778664370028;8.88778664370028;3.676117599179861;7.337397570612666;8.88778664370028;4.199124126267861;8.88778664370028;3.5384526896762054;8.88778664370028;8.88778664370028;8.88778664370028;8.88778664370028;3.1766348977575944;2.7833759408188143;2.824448075227565;7.94896779217197;4.946373890814584;3.288908309065164;4.456205151130462;8.88778664370028;6.527344595633622;8.88778664370028;3.5465281562121618;3.5413567555317513;6.927329314479721;4.722670811311104;8.107773525720404;8.88778664370028;4.456205151130462;8.006036187345671;4.456205151130462;6.876887186666863;8.88778664370028;7.427043869996851;8.88778664370028;4.0879223130998525;4.565707699676054;6.641940259716648;6.13593593274345;4.456205151130462;3.35688311717081;4.456205151130462;6.206192591974741;4.1311341337807335;8.88778664370028;7.60987701884369;8.124028722926596;7.992743943585083;3.9717020913598446;4.456205151130462;4.456205151130462;3.2518825393292445;8.88778664370028;5.45689401987056;5.969859983013521;6.406954940487594;6.354819196498283;8.88778664370028;5.771982895390465;4.0921466731326746;8.88778664370028;4.456205151130462;2.872972221992029;7.236708396819267;3.4239451782143533;8.034230041041155;8.556659129390027;8.88778664370028;2.7991542311394824;7.153303774779488;7.26298016365763;6.090535084204021;8.88778664370028;8.88778664370028;3.2715118009457456;8.88778664370028;7.702890636597658;8.88778664370028;6.155685801826621;6.090162481279549;4.998084995796262;8.315690866671503;7.166442215688221;8.88778664370028;5.059339743934956;4.717131827435367;6.990564179719513;2.9468696807764445;7.869222202611127;8.88778664370028;8.88778664370028;8.88778664370028;8.88778664370028;7.31209702804108;7.4975755100822425;5.391306875297232;6.0374728487313405;6.164426699138858;4.83265131877738;5.123399245694145;2.68388523660019;6.387450128906494;7.037449066887348;8.88778664370028;6.328605971335492;8.88778664370028;4.249161356762727;8.88778664370028;8.88778664370028;8.0829350482054;8.88778664370028;5.062767794330625;5.506626034470173;5.764099318547778;7.592390251280449;3.3699281900362053;4.456205151130462;4.619321261888672;3.185163277661786;8.88778664370028;4.3914449324474845;7.63642946404434;6.396987482249642;4.838310680259042;6.84121095314913;8.250822969138426;4.448439018331555;8.88778664370028;7.456568322731982;7.1999238062380755;5.631774692403269;5.092657569080984;4.582471603983379;4.569942786597579;5.400423359440538;6.7246052006448735;8.88778664370028;5.21263942595715;5.609346927672959;5.1469767742837575;4.2795962270122345;4.240640284313713;8.539929638730882;7.894909257569452;8.88778664370028;7.8586937914769806;8.195464571523189;7.560628454921243;4.274956977113106;8.88778664370028;8.88778664370028;4.167278616886449;3.028453385966145;6.702661192186497;7.794213666824362;8.88778664370028;4.456205151130462;3.737616049964572;5.36500151627024;3.1994194427627463
S28A;0.2;2.9102656797977033;3.7733062187826363;8.889803774666404;2.811237896778948;8.889803774666404;3.778241911589248;4.447367101232885;5.952042019068358;8.193771895503232;7.500840732005599;7.712733703046979;8.041572062242267;4.954157389166539;6.4184580440633;8.889803774666404;8.889803774666404;8.889803774666404;3.910638314649077;5.433125803261646;5.731749707741983;7.525411412258109;4.198442663858259;4.447367101232885;8.889803774666404;6.961739849852165;8.889803774666404;8.889803774666404;-0.988361612461631;7.336196058691712;8.889803774666404;4.189937957918119;8.889803774666404;3.529116645810973;8.889803774666404;8.889803774666404;8.889803774666404;8.889803774666404;3.166691015431695;2.7736795582377454;2.814545944019301;7.94573676573782;4.939491737528442;3.279832453851668;4.447367101232885;8.889803774666404;6.5285331401537405;8.889803774666404;3.5367443168879618;3.5314835988165214;6.92798972503806;4.713538427342428;8.107529584001895;8.889803774666404;4.447367101232885;8.008411041502768;4.447367101232885;6.876225346335559;8.889803774666404;7.4259504359797575;8.889803774666404;4.079032349217414;4.556872568142353;6.642878060032672;6.129179700004897;4.447367101232885;3.3469046983200315;4.447367101232885;6.200172510763878;4.12243603013394;8.889803774666404;7.609487832771265;8.123447381702135;7.991166923617129;3.9623313087313363;4.447367101232885;4.447367101232885;3.242448645897639;8.889803774666404;5.4505803561878565;5.966316543894209;6.402691516384948;6.353563306307478;8.889803774666404;5.768420472435537;4.08327936736805;8.889803774666404;4.447367101232885;2.862831329341134;7.231564194873499;3.4143055366357657;8.03192059173307;8.55718286751653;8.889803774666404;2.789154270686595;7.154443275532685;7.264252148088417;6.086434069507959;8.889803774666404;8.889803774666404;3.261829466274321;8.889803774666404;7.705695218364781;8.889803774666404;6.15005238951926;6.085525065187539;4.9910083270642644;8.314693583757617;7.164791743451133;8.889803774666404;5.049915974624582;4.708779473092363;6.990292455360759;2.9367785925051066;7.868745338404551;8.889803774666404;8.889803774666404;8.889803774666404;8.889803774666404;7.314414627607675;7.500035115393985;5.38656807348525;6.033172589559399;6.157540363035878;4.825230804231069;5.116455139244863;2.67371922629809;6.38236416737891;7.03737135558913;8.889803774666404;6.3252001159817155;8.889803774666404;4.239754374383665;8.889803774666404;8.889803774666404;8.08305328215647;8.889803774666404;5.055290841229635;5.499870732601266;5.758448110866084;7.591257180072716;3.3607307576576204;4.447367101232885;4.612687720666145;3.175579775436745;8.889803774666404;4.381456850905124;7.6332901016648975;6.392622794619456;4.83072365740918;6.841828112796065;8.251908719900712;4.442778461801936;8.889803774666404;7.454745724911845;7.196355273590598;5.62804378473993;5.0870671048433;4.572996537006475;4.561194219066238;5.3945681934128515;6.721974327236239;8.889803774666404;5.20589563809699;5.605121728131053;5.14250121679288;4.270106553382902;4.231383300392736;8.541468691398677;7.892372506566971;8.889803774666404;7.855498500051908;8.194400339212734;7.559903585075517;4.268179120112109;8.889803774666404;8.889803774666404;4.157703863055758;3.0184965636326524;6.697138115348935;7.79108291506418;8.889803774666404;4.447367101232885;3.7288336215488016;5.358956101545118;3.1906170437932815
D8N;2.0;2.9132132108829865;3.776083950670454;8.889270821066646;2.8144142310034113;8.889270821066646;3.781193325824006;4.450127646493911;-1.2753122211009043;8.171375984698898;7.523610545134034;7.731515747535013;8.032485161698787;4.95679971423192;6.441219165993971;8.889270821066646;8.889270821066646;8.889270821066646;3.913518980033132;5.4331175374063605;5.729776316829884;7.531751240459926;4.201261677084858;4.450127646493911;8.889270821066646;6.978147842888575;8.889270821066646;8.889270821066646;3.670082873203228;7.339629944530316;8.889270821066646;4.192981969365519;8.889270821066646;3.532130116862845;8.889270821066646;8.889270821066646;8.889270821066646;8.889270821066646;3.169523214788967;2.776498840150907;2.8175341785577075;7.960368797906995;4.923174554570323;3.2824823235318945;4.450127646493911;8.889270821066646;6.522613925073529;8.889270821066646;3.539560988303947;3.5343264087318857;6.913070472641266;4.720469871618491;8.099852337556513;8.889270821066646;4.450127646493911;8.005691304873835;4.450127646493911;6.894419629192271;8.889270821066646;7.433578649535775;8.889270821066646;4.081829530380219;4.560609190726268;6.653371889136906;6.135809076362875;4.450127646493911;3.349926478166253;4.450127646493911;6.19607938626541;4.12517954988698;8.889270821066646;7.613520299630181;8.141801564572233;7.9588245556587935;3.9658107843031303;4.450127646493911;4.450127646493911;3.245440257411701;8.889270821066646;5.466703459075234;5.986928539183282;6.3957194529648405;6.351837950242043;8.889270821066646;5.763229410486019;4.086072087961384;8.889270821066646;4.450127646493911;2.866035597086693;7.2362017382038175;3.417141062677274;8.037987258750945;8.552885446490109;8.889270821066646;2.7920219552966046;7.151052420151245;7.2552217652555555;6.085643474423705;8.889270821066646;8.889270821066646;3.264769982637972;8.889270821066646;7.702520965243821;8.889270821066646;6.166498219663481;6.092705417664547;4.999148459287426;8.305841114019131;7.1675144781456765;8.889270821066646;5.0539965583840285;4.7140265266097;7.0040659637670615;2.9396426938515106;7.870249329571379;8.889270821066646;8.889270821066646;8.889270821066646;8.889270821066646;7.327624261187793;7.4982610692532035;5.372909176434405;6.031035517455166;6.16104964548731;4.83240508728727;5.115785329485334;2.6766752808475758;6.3957042453266695;7.046226207225118;8.889270821066646;6.3164407633958035;8.889270821066646;4.244672842769887;8.889270821066646;8.889270821066646;8.069077547675988;8.889270821066646;5.061111388240448;5.496325227080888;5.771208259992818;7.597554443349509;3.3672214803664247;4.450127646493911;4.625351033136212;3.1784229830268487;8.889270821066646;4.384798912290989;7.636372900506103;6.4162084607633005;4.839781303058999;6.862395450109034;8.25303560210159;4.443912009356609;8.889270821066646;7.434953139780191;7.194884851654933;5.611433415242573;5.089409020444691;4.577187918378797;4.566372947198943;5.3890177789635345;6.720124548817694;8.889270821066646;5.192250728544423;5.598933657649468;5.131409426838218;4.272943670123368;4.234148947904487;8.540799859508752;7.890432636972037;8.889270821066646;7.874293424336429;8.176481811868143;7.5389986332265835;4.260971018167311;8.889270821066646;8.889270821066646;4.159641998413235;3.0214279815718896;6.716859906322497;7.816850955678092;8.889270821066646;4.450127646493911;3.731533813381702;5.368773366005826;3.193245958715579
E51A;1.1;2.907015979697462;3.7699745480931597;8.892294763395228;2.8078697999681026;8.892294763395228;3.775427169399336;4.4444885904549665;5.957092752517383;8.193840880472635;7.494631974463118;7.677578626709874;8.069584019804097;4.954618654148362;6.404413768366794;8.892294763395228;8.892294763395228;8.892294763395228;3.907536064798478;5.435822242421182;5.729513629281428;7.523848400574934;4.195623284846079;4.4444885904549665;8.892294763395228;6.954212874916266;8.892294763395228;8.892294763395228;3.6640921935322694;7.344051963256788;8.892294763395228;4.1869341449055355;8.892294763395228;3.526063335564686;8.892294763395228;8.892294763395228;8.892294763395228;8.892294763395228;3.163305992531548;2.7703608487645397;2.8110160678625107;7.977366085455287;4.941593958063095;3.2768658800050616;4.4444885904549665;8.892294763395228;6.553493254134082;8.892294763395228;3.5333369292075076;3.528048537817085;6.881186447251821;5.229786631536172;8.132190947453637;8.892294763395228;4.4444885904549665;8.01180127412772;4.4444885904549665;6.847683002852136;8.892294763395228;7.43013823950605;8.892294763395228;4.076167092556716;4.5589636915447045;6.6673948382158414;6.110980784549611;4.4444885904549665;3.3435292484846286;4.4444885904549665;6.1912048914819025;4.119625708699459;8.892294763395228;7.636604649305809;8.118916450272081;7.976534694855218;3.963428821240086;4.4444885904549665;4.4444885904549665;3.2392458660615375;8.892294763395228;5.471385414080942;5.993352277087979;6.423521335207624;6.374569146923022;8.892294763395228;5.7963486737862695;4.080422975501278;8.892294763395228;4.4444885904549665;2.860128105414333;7.221881806544843;3.4110204786411487;8.017280982006923;8.573962166716228;8.892294763395228;2.785657373127833;7.14469110679056;7.250793646875536;6.092518921941519;8.892294763395228;8.892294763395228;3.2586473999836016;8.892294763395228;7.706001241118429;8.892294763395228;6.146322336862795;6.112042388151167;4.986656628767378;8.306719276151853;7.147154426857014;8.892294763395228;5.052101301654602;4.707647994599029;6.988904684025329;2.9332725484273396;7.850561689614551;8.892294763395228;8.892294763395228;8.892294763395228;8.892294763395228;7.320570702494933;7.500366980362742;5.374314236200007;6.0296834557375405;6.1692087654992065;4.816209713186254;5.103210831366596;2.670218532668514;6.35142700682627;7.025739184435224;8.892294763395228;6.3187529606802855;8.892294763395228;4.243503047064223;8.892294763395228;8.892294763395228;8.099268805555766;8.892294763395228;5.058229316402958;5.503662724557216;5.742056884821068;7.569890862258035;3.3604470041318564;4.4444885904549665;4.607797387041501;3.1724084978195606;8.892294763395228;4.377003162002438;7.643706639566517;6.42313100483625;4.845796884324955;6.823887269172701;8.240508513318673;4.445910660047957;8.892294763395228;7.445918547176916;7.157059125878732;5.631480448255388;5.069691488446551;4.574586991744582;4.560781458072597;5.387458923607483;6.724060599823133;8.892294763395228;5.210262835506001;5.61300062018563;5.150612281700887;4.266942044152529;4.228264673467493;8.543346089541501;7.884081595146199;8.892294763395228;7.84687386645237;8.209268958104076;7.548838730435818;4.27321533853501;8.892294763395228;8.892294763395228;4.161088919230679;3.0152325202943757;6.711914827377768;7.794530913342896;8.892294763395228;4.4444885904549665;3.7260425319254864;5.385740720317699;3.1878269865410402
V53A;0.4;2.9200681935419652;3.7828149633080557;8.88778664370028;2.8212172445075794;8.88778664370028;3.7871450854529485;4.456205151130462;5.957487961357401;8.193563954113415;7.504915263622024;7.7153849938367784;8.039620039007787;4.962825008708592;6.4183181899898045;8.88778664370028;8.88778664370028;8.88778664370028;3.920143824647539;5.437383606346884;5.736241348007752;7.529611691527862;4.207476174424528;4.456205151130462;8.88778664370028;6.963300798661294;8.88778664370028;8.88778664370028;3.676117599179861;7.337397570612666;8.88778664370028;4.199124126267861;8.88778664370028;3.5384526896762054;8.88778664370028;8.88778664370028;8.88778664370028;8.88778664370028;3.1766348977575944;2.7833759408188143;2.824448075227565;7.94896779217197;4.946373890814584;3.288908309065164;4.456205151130462;8.88778664370028;6.527344595633622;8.88778664370028;3.5465281562121618;3.5413567555317513;6.927329314479721;4.722670811311104;8.107773525720404;-0.4611830768692755;4.456205151130462;8.006036187345671;4.456205151130462;6.876887186666863;8.88778664370028;7.427043869996851;8.88778664370028;4.0879223130998525;4.565707699676054;6.641940259716648;6.13593593274345;4.456205151130462;3.35688311717081;4.456205151130462;6.206192591974741;4.1311341337807335;8.88778664370028;7.60987701884369;8.124028722926596;7.992743943585083;3.9717020913598446;4.456205151130462;4.456205151130462;3.2518825393292445;8.88778664370028;5.45689401987056;5.969859983013521;6.406954940487594;6.354819196498283;8.88778664370028;5.771982895390465;4.0921466731326746;8.88778664370028;4.456205151130462;2.872972221992029;7.236708396819267;3.4239451782143533;8.034230041041155;8.556659129390027;8.88778664370028;2.7991542311394824;7.153303774779488;7.26298016365763;6.090535084204021;8.88778664370028;8.88778664370028;3.2715118009457456;8.88778664370028;7.702890636597658;8.88778664370028;6.155685801826621;6.090162481279549;4.998084995796262;8.315690866671503;7.166442215688221;8.88778664370028;5.059339743934956;4.717131827435367;6.990564179719513;2.9468696807764445;7.869222202611127;8.88778664370028;8.88778664370028;8.88778664370028;8.88778664370028;7.31209702804108;7.4975755100822425;5.391306875297232;6.0374728487313405;6.164426699138858;4.83265131877738;5.123399245694145;2.68388523660019;6.387450128906494;7.037449066887348;8.88778664370028;6.328605971335492;8.88778664370028;4.249161356762727;8.88778664370028;8.88778664370028;8.0829350482054;8.88778664370028;5.062767794330625;5.506626034470173;5.764099318547778;7.592390251280449;3.3699281900362053;4.456205151130462;4.619321261888672;3.185163277661786;8.88778664370028;4.3914449324474845;7.63642946404434;6.396987482249642;4.838310680259042;6.84121095314913;8.250822969138426;4.448439018331555;8.88778664370028;7.456568322731982;7.1999238062380755;5.631774692403269;5.092657569080984;4.582471603983379;4.569942786597579;5.400423359440538;6.7246052006448735;8.88778664370028;5.21263942595715;5.609346927672959;5.1469767742837575;4.2795962270122345;4.240640284313713;8.539929638730882;7.894909257569452;8.88778664370028;7.8586937914769806;8.195464571523189;7.560628454921243;4.274956977113106;8.88778664370028;8.88778664370028;4.167278616886449;3.028453385966145;6.702661192186497;7.794213666824362;8.88778664370028;4.456205151130462;3.737616049964572;5.36500151627024;3.1994194427627463
I101A;0.5;2.9200681935419652;3.7828149633080557;8.88778664370028;2.8212172445075794;8.88778664370028;3.7871450854529485;4.456205151130462;5.957487961357401;8.193563954113415;7.504915263622024;7.7153849938367784;8.039620039007787;4.962825008708592;6.4183181899898045;8.88778664370028;8.88778664370028;8.88778664370028;3.920143824647539;5.437383606346884;5.736241348007752;7.529611691527862;4.207476174424528;4.456205151130462;8.88778664370028;6.963300798661294;8.88778664370028;8.88778664370028;3.676117599179861;7.337397570612666;8.88778664370028;4.199124126267861;8.88778664370028;3.5384526896762054;8.88778664370028;8.88778664370028;8.88778664370028;8.88778664370028;3.1766348977575944;2.7833759408188143;2.824448075227565;7.94896779217197;4.946373890814584;3.288908309065164;4.456205151130462;8.88778664370028;6.527344595633622;8.88778664370028;3.5465281562121618;3.5413567555317513;6.927329314479721;4.722670811311104;8.107773525720404;8.88778664370028;4.456205151130462;8.006036187345671;4.456205151130462;6.876887186666863;8.88778664370028;7.427043869996851;8.88778664370028;4.0879223130998525;4.565707699676054;6.641940259716648;6.13593593274345;4.456205151130462;3.35688311717081;4.456205151130462;6.206192591974741;4.1311341337807335;8.88778664370028;7.60987701884369;8.124028722926596;7.992743943585083;3.9717020913598446;4.456205151130462;4.456205151130462;3.2518825393292445;8.88778664370028;5.45689401987056;5.969859983013521;6.406954940487594;6.354819196498283;8.88778664370028;5.771982895390465;4.0921466731326746;8.88778664370028;4.456205151130462;2.872972221992029;7.236708396819267;3.4239451782143533;8.034230041041155;8.556659129390027;8.88778664370028;2.7991542311394824;7.153303774779488;7.26298016365763;6.090535084204021;8.88778664370028;8.88778664370028;3.2715118009457456;-0.4611830768692755;7.702890636597658;8.88778664370028;6.155685801826621;6.090162481279549;4.998084995796262;8.315690866671503;7.166442215688221;8.88778664370028;5.059339743934956;4.717131827435367;6.990564179719513;2.9468696807764445;7.869222202611127;8.88778664370028;8.88778664370028;8.88778664370028;8.88778664370028;7.31209702804108;7.4975755100822425;5.391306875297232;6.0374728487313405;6.164426699138858;4.83265131877738;5.123399245694145;2.68388523660019;6.387450128906494;7.037449066887348;8.88778664370028;6.328605971335492;8.88778664370028;4.249161356762727;8.88778664370028;8.88778664370028;8.0829350482054;8.88778664370028;5.062767794330625;5.506626034470173;5.764099318547778;7.592390251280449;3.3699281900362053;4.456205151130462;4.619321261888672;3.185163277661786;8.88778664370028;4.3914449324474845;7.63642946404434;6.396987482249642;4.838310680259042;6.84121095314913;8.250822969138426;4.448439018331555;8.88778664370028;7.456568322731982;7.1999238062380755;5.631774692403269;5.092657569080984;4.582471603983379;4.569942786597579;5.400423359440538;6.7246052006448735;8.88778664370028;5.21263942595715;5.609346927672959;5.1469767742837575;4.2795962270122345;4.240640284313713;8.539929638730882;7.894909257569452;8.88778664370028;7.8586937914769806;8.195464571523189;7.560628454921243;4.274956977113106;8.88778664370028;8.88778664370028;4.167278616886449;3.028453385966145;6.702661192186497;7.794213666824362;8.88778664370028;4.456205151130462;3.737616049964572;5.36500151627024;3.1994194427627463
M88A;0.9;2.909550263296296;3.772590340345232;8.89011830735825;2.8105234209133414;8.89011830735825;3.777526984963515;4.446651287988061;5.951530132188964;8.193632540411272;7.500961508725595;7.712906529544853;8.041817473118499;4.953499224444386;6.419519907038193;8.89011830735825;8.89011830735825;8.89011830735825;3.9099230192196046;5.432876654424035;5.73170672449487;7.525298543994722;4.19772719613411;4.446651287988061;8.89011830735825;6.962116323367809;8.89011830735825;8.89011830735825;3.6663521411655893;7.3371324994514;8.89011830735825;4.189221843856103;8.89011830735825;3.5284003454844424;8.89011830735825;8.89011830735825;8.89011830735825;8.89011830735825;3.1659760645915753;2.772964490050981;2.8138303421847013;7.94561525532481;4.9388416020237855;3.2791167691293595;4.446651287988061;8.89011830735825;6.528572910523508;8.89011830735825;3.5360291807146496;3.5307679150255353;6.927836943039438;4.712866856385517;8.107517974236544;8.89011830735825;4.446651287988061;8.008679391028636;4.446651287988061;6.8770745460060425;8.89011830735825;7.425576360721607;8.89011830735825;4.078316491269106;4.556182389221249;6.642939733494131;6.1285445661778795;4.446651287988061;3.346190208484586;4.446651287988061;6.1996872816635005;4.121720421780083;8.89011830735825;7.6093524912867;8.124344050040236;7.990373588676448;3.9616310451247045;4.446651287988061;4.446651287988061;3.241732891326137;8.89011830735825;5.450179300782111;5.9665609324438265;6.40107394377992;6.353056983702118;8.89011830735825;5.7682110312525765;4.082563494518581;8.89011830735825;4.446651287988061;-1.9003092127218224;7.231375870309421;3.41359032316268;8.031056959545822;8.557008837538888;8.89011830735825;2.788438794580543;7.154453078779625;7.2643156912963605;6.086339743887947;8.89011830735825;8.89011830735825;3.2611141950592355;8.89011830735825;7.705986336879505;8.89011830735825;6.149656436260557;6.0842471895884955;4.990452131090933;8.314288080757251;7.1653897010237415;8.89011830735825;5.0492295079552605;4.708080500297001;6.990010687208269;2.9360638586631467;7.868572177307215;8.89011830735825;8.89011830735825;8.89011830735825;8.89011830735825;7.314686941875607;7.500270267286396;5.386321467198286;6.031987751804991;6.156898921442917;4.8246131407577195;5.116001474687437;2.6730041599739707;6.382098426391167;7.037304753015633;8.89011830735825;6.32427943941002;8.89011830735825;4.239065334191764;8.89011830735825;8.89011830735825;8.084287346253404;8.89011830735825;5.054630330100281;5.499441541614942;5.757925041682029;7.591037650316139;3.3587667368710754;4.446651287988061;4.6123474829910265;3.1748651542848165;8.89011830735825;4.380748252249305;7.632004064587818;6.392414981275579;4.830112582505535;6.841890421244898;8.251951856928827;4.442350260473177;8.89011830735825;7.455382172787722;7.19515175018023;5.626621556193641;5.086743737665529;4.572299513584767;4.560532534918821;5.39434011776757;6.722364356464823;8.89011830735825;5.205318094265749;5.605307619458472;5.140894083666353;4.269391731065298;4.230667670618459;8.541780097553328;7.891629599796943;8.89011830735825;7.855763601291983;8.195083330589114;7.559136251482414;4.267550682778165;8.89011830735825;8.89011830735825;4.1570134366684215;3.017781325598662;6.696856426773593;7.791302138452011;8.89011830735825;4.446651287988061;3.7281175521902696;5.358457679429193;3.1899005888672036
S28L;4.0;2.9102656797977033;3.7733062187826363;8.889803774666404;2.811237896778948;8.889803774666404;3.778241911589248;4.447367101232885;5.952042019068358;8.193771895503232;7.500840732005599;7.712733703046979;8.041572062242267;4.954157389166539;6.4184580440633;8.889803774666404;8.889803774666404;8.889803774666404;3.910638314649077;5.433125803261646;5.731749707741983;7.525411412258109;4.198442663858259;4.447367101232885;8.889803774666404;6.961739849852165;8.889803774666404;8.889803774666404;-0.988361612461631;7.336196058691712;8.889803774666404;4.189937957918119;8.889803774666404;3.529116645810973;8.889803774666404;8.889803774666404;8.889803774666404;8.889803774666404;3.166691015431695;2.7736795582377454;2.814545944019301;7.94573676573782;4.939491737528442;3.279832453851668;4.447367101232885;8.889803774666404;6.5285331401537405;8.889803774666404;3.5367443168879618;3.5314835988165214;6.92798972503806;4.713538427342428;8.107529584001895;8.889803774666404;4.447367101232885;8.008411041502768;4.447367101232885;6.876225346335559;8.889803774666404;7.4259504359797575;8.889803774666404;4.079032349217414;4.556872568142353;6.642878060032672;6.129179700004897;4.447367101232885;3.3469046983200315;4.447367101232885;6.200172510763878;4.12243603013394;8.889803774666404;7.609487832771265;8.123447381702135;7.991166923617129;3.9623313087313363;4.447367101232885;4.447367101232885;3.242448645897639;8.889803774666404;5.4505803561878565;5.966316543894209;6.402691516384948;6.353563306307478;8.889803774666404;5.768420472435537;4.08327936736805;8.889803774666404;4.447367101232885;2.862831329341134;7.231564194873499;3.4143055366357657;8.03192059173307;8.55718286751653;8.889803774666404;2.789154270686595;7.154443275532685;7.264252148088417;6.086434069507959;8.889803774666404;8.889803774666404;3.261829466274321;8.889803774666404;7.705695218364781;8.889803774666404;6.15005238951926;6.085525065187539;4.9910083270642644;8.314693583757617;7.164791743451133;8.889803774666404;5.049915974624582;4.708779473092363;6.990292455360759;2.9367785925051066;7.868745338404551;8.889803774666404;8.889803774666404;8.889803774666404;8.889803774666404;7.314414627607675;7.500035115393985;5.38656807348525;6.033172589559399;6.157540363035878;4.825230804231069;5.116455139244863;2.67371922629809;6.38236416737891;7.03737135558913;8.889803774666404;6.3252001159817155;8.889803774666404;4.239754374383665;8.889803774666404;8.889803774666404;8.08305328215647;8.889803774666404;5.055290841229635;5.499870732601266;5.758448110866084;7.591257180072716;3.3607307576576204;4.447367101232885;4.612687720666145;3.175579775436745;8.889803774666404;4.381456850905124;7.6332901016648975;6.392622794619456;4.83072365740918;6.841828112796065;8.251908719900712;4.442778461801936;8.889803774666404;7.454745724911845;7.196355273590598;5.62804378473993;5.0870671048433;4.572996537006475;4.561194219066238;5.3945681934128515;6.721974327236239;8.889803774666404;5.20589563809699;5.605121728131053;5.14250121679288;4.270106553382902;4.231383300392736;8.541468691398677;7.892372506566971;8.889803774666404;7.855498500051908;8.194400339212734;7.559903585075517;4.268179120112109;8.889803774666404;8.889803774666404;4.157703863055758;3.0184965636326524;6.697138115348935;7.79108291506418;8.889803774666404;4.447367101232885;3.7288336215488016;5.358956101545118;3.1906170437932815
E95A;1.5;2.9190658699203595;3.7818754466111386;8.887745319622525;2.8200990610562258;8.887745319622525;3.786265177635414;4.455314444058331;5.953755212897704;8.176746721264863;7.48816870959854;7.713847431481554;8.03724505593891;4.957759904041438;6.406886761295027;8.887745319622525;8.887745319622525;8.887745319622525;3.919097501825945;5.433734641850606;5.741013366945481;7.5262612195110705;4.206658035208875;4.455314444058331;8.887745319622525;6.936757737985317;8.887745319622525;8.887745319622525;3.675245777512373;7.334295658605697;8.887745319622525;4.198202964687425;8.887745319622525;3.5374306279240955;8.887745319622525;8.887745319622525;8.887745319622525;8.887745319622525;3.1756596489789786;2.7825190262497017;2.823428497400073;7.950330937586841;4.94897652815871;3.288021019061034;4.455314444058331;8.887745319622525;6.523517382651335;8.887745319622525;3.5455221188308315;3.5404131056398;6.942775072660879;4.72536101602077;8.090209937075997;8.887745319622525;4.455314444058331;8.010123700651093;4.455314444058331;6.872580596595071;8.887745319622525;7.4503006698869285;8.887745319622525;4.0870334625919895;4.563133882796933;6.648284453309316;6.1346823083260915;4.455314444058331;3.355837443351902;4.455314444058331;6.21214853008405;4.13029554475861;8.887745319622525;7.621204047143692;8.119654329530022;7.99356188566162;3.979190005541568;4.455314444058331;4.455314444058331;3.2509777024074538;8.887745319622525;5.458562035461;5.984608457594732;6.400670652339613;6.354409045634384;8.887745319622525;5.782064789018477;4.091258594312876;8.887745319622525;4.455314444058331;2.871781773312023;7.246664594313188;3.4231244879606493;8.021890833384532;8.561669605558563;8.887745319622525;2.7979771890381926;-1.075809658100809;7.257240575483593;6.072930790437567;8.887745319622525;8.887745319622525;3.2703284117283147;8.887745319622525;7.691783543365091;8.887745319622525;6.139173868764374;6.111225240787462;4.9967549217390115;8.316618577300687;7.1634089499002584;8.887745319622525;5.0567725136019135;4.7141941866202615;7.00769094946736;2.945834954194197;7.873616969838622;8.887745319622525;8.887745319622525;8.887745319622525;8.887745319622525;7.305827338901054;7.501156591519248;5.418953015425359;6.0145847150834015;6.158971422588138;4.831698243260121;5.1426659557182575;2.6827424617745237;6.383835829792588;7.0355392850906355;8.887745319622525;6.35176000365027;8.887745319622525;4.256825091278984;8.887745319622525;8.887745319622525;8.090357836517796;8.887745319622525;5.058889084332691;5.510437393088068;5.7577992776186875;7.5913012507298845;3.3709392806398455;4.455314444058331;4.624990953449014;3.1840847766993647;8.887745319622525;4.390283933187675;7.6215229822828405;6.377260030398247;4.838109556167183;6.841293669211154;8.247497899214977;4.434112706486303;8.887745319622525;7.441110393692725;7.2218173928959;5.614827516530568;5.08844368953396;4.580524612976774;4.565877184663918;5.386405612423459;6.759207817412971;8.887745319622525;5.218909555460868;5.5942503303358535;5.124939267112495;4.278697155413738;4.239805101487491;8.540052902489606;7.892044672802513;8.887745319622525;7.870726741741237;8.190294851410727;7.570239647931885;4.273981836912299;8.887745319622525;8.887745319622525;4.164140993786759;3.027441971548342;6.684247133440294;7.807705644856469;8.887745319622525;4.455314444058331;3.7367898222414624;5.362346102766423;3.198553721636472
F86A;0.9;2.9200681935419652;3.7828149633080557;8.88778664370028;2.8212172445075794;8.88778664370028;3.7871450854529485;4.456205151130462;5.957487961357401;8.193563954113415;7.504915263622024;7.7153849938367784;8.039620039007787;4.962825008708592;6.4183181899898045;8.88778664370028;8.88778664370028;8.88778664370028;3.920143824647539;5.437383606346884;5.736241348007752;7.529611691527862;4.207476174424528;4.456205151130462;8.88778664370028;6.963300798661294;8.88778664370028;8.88778664370028;3.676117599179861;7.337397570612666;8.88778664370028;4.199124126267861;8.88778664370028;3.5384526896762054;8.88778664370028;8.88778664370028;8.88778664370028;8.88778664370028;3.1766348977575944;2.7833759408188143;2.824448075227565;7.94896779217197;4.946373890814584;3.288908309065164;4.456205151130462;8.88778664370028;6.527344595633622;8.88778664370028;3.5465281562121618;3.5413567555317513;6.927329314479721;4.722670811311104;8.107773525720404;8.88778664370028;4.456205151130462;8.006036187345671;4.456205151130462;6.876887186666863;8.88778664370028;7.427043869996851;8.88778664370028;4.0879223130998525;4.565707699676054;6.641940259716648;6.13593593274345;4.456205151130462;3.35688311717081;4.456205151130462;6.206192591974741;4.1311341337807335;8.88778664370028;7.60987701884369;8.124028722926596;7.992743943585083;3.9717020913598446;4.456205151130462;4.456205151130462;3.2518825393292445;8.88778664370028;5.45689401987056;5.969859983013521;6.406954940487594;6.354819196498283;8.88778664370028;5.771982895390465;4.0921466731326746;-0.4611830768692755;4.456205151130462;2.872972221992029;7.236708396819267;3.4239451782143533;8.034230041041155;8.556659129390027;8.88778664370028;2.7991542311394824;7.153303774779488;7.26298016365763;6.090535084204021;8.88778664370028;8.88778664370028;3.2715118009457456;8.88778664370028;7.702890636597658;8.88778664370028;6.155685801826621;6.090162481279549;4.998084995796262;8.315690866671503;7.166442215688221;8.88778664370028;5.059339743934956;4.717131827435367;6.990564179719513;2.9468696807764445;7.869222202611127;8.88778664370028;8.88778664370028;8.88778664370028;8.88778664370028;7.31209702804108;7.4975755100822425;5.391306875297232;6.0374728487313405;6.164426699138858;4.83265131877738;5.123399245694145;2.68388523660019;6.387450128906494;7.037449066887348;8.88778664370028;6.328605971335492;8.88778664370028;4.249161356762727;8.88778664370028;8.88778664370028;8.0829350482054;8.88778664370028;5.062767794330625;5.506626034470173;5.764099318547778;7.592390251280449;3.3699281900362053;4.456205151130462;4.619321261888672;3.185163277661786;8.88778664370028;4.3914449324474845;7.63642946404434;6.396987482249642;4.838310680259042;6.84121095314913;8.250822969138426;4.448439018331555;8.88778664370028;7.456568322731982;7.1999238062380755;5.631774692403269;5.092657569080984;4.582471603983379;4.569942786597579;5.400423359440538;6.7246052006448735;8.88778664370028;5.21263942595715;5.609346927672959;5.1469767742837575;4.2795962270122345;4.240640284313713;8.539929638730882;7.894909257569452;8.88778664370028;7.8586937914769806;8.195464571523189;7.560628454921243;4.274956977113106;8.88778664370028;8.88778664370028;4.167278616886449;3.028453385966145;6.702661192186497;7.794213666824362;8.88778664370028;4.456205151130462;3.737616049964572;5.36500151627024;3.1994194427627463
I26A;1.9;2.9200681935419652;3.7828149633080557;8.88778664370028;2.8212172445075794;8.88778664370028;3.7871450854529485;4.456205151130462;5.957487961357401;8.193563954113415;7.504915263622024;7.7153849938367784;8.039620039007787;4.962825008708592;6.4183181899898045;8.88778664370028;8.88778664370028;8.88778664370028;3.920143824647539;5.437383606346884;5.736241348007752;7.529611691527862;4.207476174424528;4.456205151130462;8.88778664370028;6.963300798661294;-0.4611830768692755;8.88778664370028;3.676117599179861;7.337397570612666;8.88778664370028;4.199124126267861;8.88778664370028;3.5384526896762054;8.88778664370028;8.88778664370028;8.88778664370028;8.88778664370028;3.1766348977575944;2.7833759408188143;2.824448075227565;7.94896779217197;4.946373890814584;3.288908309065164;4.456205151130462;8.88778664370028;6.527344595633622;8.88778664370028;3.5465281562121618;3.5413567555317513;6.927329314479721;4.722670811311104;8.107773525720404;8.88778664370028;4.456205151130462;8.006036187345671;4.456205151130462;6.876887186666863;8.88778664370028;7.427043869996851;8.88778664370028;4.0879223130998525;4.565707699676054;6.641940259716648;6.13593593274345;4.456205151130462;3.35688311717081;4.456205151130462;6.206192591974741;4.1311341337807335;8.88778664370028;7.60987701884369;8.124028722926596;7.992743943585083;3.9717020913598446;4.456205151130462;4.456205151130462;3.2518825393292445;8.88778664370028;5.45689401987056;5.969859983013521;6.406954940487594;6.354819196498283;8.88778664370028;5.771982895390465;4.0921466731326746;8.88778664370028;4.456205151130462;2.872972221992029;7.236708396819267;3.4239451782143533;8.034230041041155;8.556659129390027;8.88778664370028;2.7991542311394824;7.153303774779488;7.26298016365763;6.090535084204021;8.88778664370028;8.88778664370028;3.2715118009457456;8.88778664370028;7.702890636597658;8.88778664370028;6.155685801826621;6.090162481279549;4.998084995796262;8.315690866671503;7.166442215688221;8.88778664370028;5.059339743934956;4.717131827435367;6.990564179719513;2.9468696807764445;7.869222202611127;8.88778664370028;8.88778664370028;8.88778664370028;8.88778664370028;7.31209702804108;7.4975755100822425;5.391306875297232;6.0374728487313405;6.164426699138858;4.83265131877738;5.123399245694145;2.68388523660019;6.387450128906494;7.037449066887348;8.88778664370028;6.328605971335492;8.88778664370028;4.249161356762727;8.88778664370028;8.88778664370028;8.0829350482054;8.88778664370028;5.062767794330625;5.506626034470173;5.764099318547778;7.592390251280449;3.3699281900362053;4.456205151130462;4.619321261888672;3.185163277661786;8.88778664370028;4.3914449324474845;7.63642946404434;6.396987482249642;4.838310680259042;6.84121095314913;8.250822969138426;4.448439018331555;8.88778664370028;7.456568322731982;7.1999238062380755;5.631774692403269;5.092657569080984;4.582471603983379;4.569942786597579;5.400423359440538;6.7246052006448735;8.88778664370028;5.21263942595715;5.609346927672959;5.1469767742837575;4.2795962270122345;4.240640284313713;8.539929638730882;7.894909257569452;8.88778664370028;7.8586937914769806;8.195464571523189;7.560628454921243;4.274956977113106;8.88778664370028;8.88778664370028;4.167278616886449;3.028453385966145;6.702661192186497;7.794213666824362;8.88778664370028;4.456205151130462;3.737616049964572;5.36500151627024;3.1994194427627463
N23A;0.3;2.9107226594187523;3.7737631984036852;8.890123636999022;2.8116948754686746;8.890123636999022;3.7786988902789744;4.447824079922611;5.9522760471163565;8.19416221812753;7.50141286604412;7.713210632788105;8.041887132118063;4.954609630058258;6.4189188867094344;8.890123636999022;8.890123636999022;8.890123636999022;3.9110952933388035;5.433509042559308;5.732265087834094;7.525920284922904;4.198899642547985;-0.5905642440484371;8.890123636999022;6.9622557479233365;8.890123636999022;8.890123636999022;3.667523993395662;7.336538341718551;8.890123636999022;4.190394936607845;8.890123636999022;3.529573625432022;8.890123636999022;8.890123636999022;8.890123636999022;8.890123636999022;3.1671479941214216;2.7741365369274718;2.815002922709027;7.946223818405997;4.939946415177474;3.2802894325413945;4.447824079922611;8.890123636999022;6.528838858714153;8.890123636999022;3.5372012965090107;3.5319405784375704;6.928331327595515;4.71399523844957;8.10801889337381;8.890123636999022;4.447824079922611;8.00874468447546;4.447824079922611;6.876716093051073;8.890123636999022;7.426267000490043;8.890123636999022;4.07948932790714;4.557328252767547;6.643323626019992;6.129631343706933;4.447824079922611;3.347361677009758;4.447824079922611;6.200653905088984;4.122893008823667;8.890123636999022;7.609927389239601;8.123791220481507;7.991494446803699;3.9627959351073514;4.447824079922611;4.447824079922611;3.2429056245873653;8.890123636999022;5.451039907435188;5.966858190851781;6.402970352959528;6.353969789073744;8.890123636999022;5.76879113666655;4.083736346057776;8.890123636999022;4.447824079922611;2.8632874956401793;7.232002353463031;3.4147625162568147;8.032329130146536;8.557566377283365;8.890123636999022;2.789611249376321;7.154739680037892;7.2645893070002785;6.0868324858493;8.890123636999022;8.890123636999022;3.2622864449640474;8.890123636999022;7.706006524038457;8.890123636999022;6.150485298054264;6.085988631399232;4.991461277953931;8.315136470315338;7.16528691325766;8.890123636999022;5.050371659249777;4.709230235077484;6.990762612709659;2.937235571194833;7.869078226525744;8.890123636999022;8.890123636999022;8.890123636999022;8.890123636999022;7.31474917359219;7.500371025103959;5.386945844948059;6.033483305564005;6.157991254782246;4.8257065806810715;5.116937284214146;2.674176204987816;6.382913163084595;7.037680757654016;8.890123636999022;6.325761140749819;8.890123636999022;4.240216754587891;8.890123636999022;8.890123636999022;8.083316587850277;8.890123636999022;5.055763273460343;5.500318998787407;5.758889328744772;7.591806315642316;3.3611951914226665;4.447824079922611;4.6131647898055235;3.1760367541264714;8.890123636999022;4.38191345328778;7.633775718262768;6.39302621799834;4.831174183020266;6.842202266554523;8.252210832954916;4.443222802863602;8.890123636999022;7.455154552042586;7.196739365714166;5.6284416215585225;5.0875498112691275;4.5734525217903865;4.561648018647247;5.394999422143883;6.722351498727221;8.890123636999022;5.206341530509235;5.605644025334186;5.142891057093948;4.270563533003951;4.231840279082462;8.541788394723426;7.892753304329744;8.890123636999022;7.856028293390409;8.194723773216538;7.56017182287178;4.2685536505869095;8.890123636999022;8.890123636999022;4.158166650633575;3.018953657001475;6.697568734660308;7.791677441036882;8.890123636999022;4.447824079922611;3.729290600238528;5.359430742120821;3.191074022483008
